kode_kecamatan,kecamatan,kode_kabupaten,kabupaten,kode_provinsi,provinsi
3501010,Donorojo,3501,Kabupaten Pacitan,35,Jawa Timur
3501020,Punung,3501,Kabupaten Pacitan,35,Jawa Timur
3501030,Pringkuku,3501,Kabupaten Pacitan,35,Jawa Timur
3501040,Pacitan,3501,Kabupaten Pacitan,35,Jawa Timur
3501050,Kebonagung,3501,Kabupaten Pacitan,35,Jawa Timur
3501060,Arjosari,3501,Kabupaten Pacitan,35,Jawa Timur
3501070,Nawangan,3501,Kabupaten Pacitan,35,Jawa Timur
3501080,Bandar,3501,Kabupaten Pacitan,35,Jawa Timur
3501090,Tegalombo,3501,Kabupaten Pacitan,35,Jawa Timur
3501100,Tulakan,3501,Kabupaten Pacitan,35,Jawa Timur
3501110,Ngadirojo,3501,Kabupaten Pacitan,35,Jawa Timur
3501120,Sudimoro,3501,Kabupaten Pacitan,35,Jawa Timur
3502010,Ngrayun,3502,Kabupaten Ponorogo,35,Jawa Timur
3502020,Slahung,3502,Kabupaten Ponorogo,35,Jawa Timur
3502030,Bungkal,3502,Kabupaten Ponorogo,35,Jawa Timur
3502040,Sambit,3502,Kabupaten Ponorogo,35,Jawa Timur
3502050,Sawoo,3502,Kabupaten Ponorogo,35,Jawa Timur
3502060,Sooko,3502,Kabupaten Ponorogo,35,Jawa Timur
3502061,Pudak,3502,Kabupaten Ponorogo,35,Jawa Timur
3502070,Pulung,3502,Kabupaten Ponorogo,35,Jawa Timur
3502080,Mlarak,3502,Kabupaten Ponorogo,35,Jawa Timur
3502090,Siman,3502,Kabupaten Ponorogo,35,Jawa Timur
3502100,Jetis,3502,Kabupaten Ponorogo,35,Jawa Timur
3502110,Balong,3502,Kabupaten Ponorogo,35,Jawa Timur
3502120,Kauman,3502,Kabupaten Ponorogo,35,Jawa Timur
3502130,Jambon,3502,Kabupaten Ponorogo,35,Jawa Timur
3502140,Badegan,3502,Kabupaten Ponorogo,35,Jawa Timur
3502150,Sampung,3502,Kabupaten Ponorogo,35,Jawa Timur
3502160,Sukorejo,3502,Kabupaten Ponorogo,35,Jawa Timur
3502170,Ponorogo,3502,Kabupaten Ponorogo,35,Jawa Timur
3502180,Babadan,3502,Kabupaten Ponorogo,35,Jawa Timur
3502190,Jenangan,3502,Kabupaten Ponorogo,35,Jawa Timur
3502200,Ngebel,3502,Kabupaten Ponorogo,35,Jawa Timur
3503010,Panggul,3503,Kabupaten Trenggalek,35,Jawa Timur
3503020,Munjungan,3503,Kabupaten Trenggalek,35,Jawa Timur
3503030,Watulimo,3503,Kabupaten Trenggalek,35,Jawa Timur
3503040,Kampak,3503,Kabupaten Trenggalek,35,Jawa Timur
3503050,Dongko,3503,Kabupaten Trenggalek,35,Jawa Timur
3503060,Pule,3503,Kabupaten Trenggalek,35,Jawa Timur
3503070,Karangan,3503,Kabupaten Trenggalek,35,Jawa Timur
3503071,Suruh,3503,Kabupaten Trenggalek,35,Jawa Timur
3503080,Gandusari,3503,Kabupaten Trenggalek,35,Jawa Timur
3503090,Durenan,3503,Kabupaten Trenggalek,35,Jawa Timur
3503100,Pogalan,3503,Kabupaten Trenggalek,35,Jawa Timur
3503110,Trenggalek,3503,Kabupaten Trenggalek,35,Jawa Timur
3503120,Tugu,3503,Kabupaten Trenggalek,35,Jawa Timur
3503130,Bendungan,3503,Kabupaten Trenggalek,35,Jawa Timur
3504010,Besuki,3504,Kabupaten Tulungagung,35,Jawa Timur
3504020,Bandung,3504,Kabupaten Tulungagung,35,Jawa Timur
3504030,Pakel,3504,Kabupaten Tulungagung,35,Jawa Timur
3504040,Campur Darat,3504,Kabupaten Tulungagung,35,Jawa Timur
3504050,Tanggung Gunung,3504,Kabupaten Tulungagung,35,Jawa Timur
3504060,Kalidawir,3504,Kabupaten Tulungagung,35,Jawa Timur
3504070,Pucang Laban,3504,Kabupaten Tulungagung,35,Jawa Timur
3504080,Rejotangan,3504,Kabupaten Tulungagung,35,Jawa Timur
3504090,Ngunut,3504,Kabupaten Tulungagung,35,Jawa Timur
3504100,Sumbergempol,3504,Kabupaten Tulungagung,35,Jawa Timur
3504110,Boyolangu,3504,Kabupaten Tulungagung,35,Jawa Timur
3504120,Tulungagung,3504,Kabupaten Tulungagung,35,Jawa Timur
3504130,Kedungwaru,3504,Kabupaten Tulungagung,35,Jawa Timur
3504140,Ngantru,3504,Kabupaten Tulungagung,35,Jawa Timur
3504150,Karangrejo,3504,Kabupaten Tulungagung,35,Jawa Timur
3504160,Kauman,3504,Kabupaten Tulungagung,35,Jawa Timur
3504170,Gondang,3504,Kabupaten Tulungagung,35,Jawa Timur
3504180,Pager Wojo,3504,Kabupaten Tulungagung,35,Jawa Timur
3504190,Sendang,3504,Kabupaten Tulungagung,35,Jawa Timur
3505010,Bakung,3505,Kabupaten Blitar,35,Jawa Timur
3505020,Wonotirto,3505,Kabupaten Blitar,35,Jawa Timur
3505030,Panggungrejo,3505,Kabupaten Blitar,35,Jawa Timur
3505040,Wates,3505,Kabupaten Blitar,35,Jawa Timur
3505050,Binangun,3505,Kabupaten Blitar,35,Jawa Timur
3505060,Sutojayan,3505,Kabupaten Blitar,35,Jawa Timur
3505070,Kademangan,3505,Kabupaten Blitar,35,Jawa Timur
3505080,Kanigoro,3505,Kabupaten Blitar,35,Jawa Timur
3505090,Talun,3505,Kabupaten Blitar,35,Jawa Timur
3505100,Selopuro,3505,Kabupaten Blitar,35,Jawa Timur
3505110,Kesamben,3505,Kabupaten Blitar,35,Jawa Timur
3505120,Selorejo,3505,Kabupaten Blitar,35,Jawa Timur
3505130,Doko,3505,Kabupaten Blitar,35,Jawa Timur
3505140,Wlingi,3505,Kabupaten Blitar,35,Jawa Timur
3505150,Gandusari,3505,Kabupaten Blitar,35,Jawa Timur
3505160,Garum,3505,Kabupaten Blitar,35,Jawa Timur
3505170,Nglegok,3505,Kabupaten Blitar,35,Jawa Timur
3505180,Sanankulon,3505,Kabupaten Blitar,35,Jawa Timur
3505190,Ponggok,3505,Kabupaten Blitar,35,Jawa Timur
3505200,Srengat,3505,Kabupaten Blitar,35,Jawa Timur
3505210,Wonodadi,3505,Kabupaten Blitar,35,Jawa Timur
3505220,Udanawu,3505,Kabupaten Blitar,35,Jawa Timur
3506010,Mojo,3506,Kabupaten Kediri,35,Jawa Timur
3506020,Semen,3506,Kabupaten Kediri,35,Jawa Timur
3506030,Ngadiluwih,3506,Kabupaten Kediri,35,Jawa Timur
3506040,Kras,3506,Kabupaten Kediri,35,Jawa Timur
3506050,Ringinrejo,3506,Kabupaten Kediri,35,Jawa Timur
3506060,Kandat,3506,Kabupaten Kediri,35,Jawa Timur
3506070,Wates,3506,Kabupaten Kediri,35,Jawa Timur
3506080,Ngancar,3506,Kabupaten Kediri,35,Jawa Timur
3506090,Plosoklaten,3506,Kabupaten Kediri,35,Jawa Timur
3506100,Gurah,3506,Kabupaten Kediri,35,Jawa Timur
3506110,Puncu,3506,Kabupaten Kediri,35,Jawa Timur
3506120,Kepung,3506,Kabupaten Kediri,35,Jawa Timur
3506130,Kandangan,3506,Kabupaten Kediri,35,Jawa Timur
3506140,Pare,3506,Kabupaten Kediri,35,Jawa Timur
3506141,Badas,3506,Kabupaten Kediri,35,Jawa Timur
3506150,Kunjang,3506,Kabupaten Kediri,35,Jawa Timur
3506160,Plemahan,3506,Kabupaten Kediri,35,Jawa Timur
3506170,Purwoasri,3506,Kabupaten Kediri,35,Jawa Timur
3506180,Papar,3506,Kabupaten Kediri,35,Jawa Timur
3506190,Pagu,3506,Kabupaten Kediri,35,Jawa Timur
3506191,Kayen Kidul,3506,Kabupaten Kediri,35,Jawa Timur
3506200,Gampengrejo,3506,Kabupaten Kediri,35,Jawa Timur
3506201,Ngasem,3506,Kabupaten Kediri,35,Jawa Timur
3506210,Banyakan,3506,Kabupaten Kediri,35,Jawa Timur
3506220,Grogol,3506,Kabupaten Kediri,35,Jawa Timur
3506230,Tarokan,3506,Kabupaten Kediri,35,Jawa Timur
3507010,Donomulyo,3507,Kabupaten Malang,35,Jawa Timur
3507020,Kalipare,3507,Kabupaten Malang,35,Jawa Timur
3507030,Pagak,3507,Kabupaten Malang,35,Jawa Timur
3507040,Bantur,3507,Kabupaten Malang,35,Jawa Timur
3507050,Gedangan,3507,Kabupaten Malang,35,Jawa Timur
3507060,Sumbermanjing,3507,Kabupaten Malang,35,Jawa Timur
3507070,Dampit,3507,Kabupaten Malang,35,Jawa Timur
3507080,Tirto Yudo,3507,Kabupaten Malang,35,Jawa Timur
3507090,Ampelgading,3507,Kabupaten Malang,35,Jawa Timur
3507100,Poncokusumo,3507,Kabupaten Malang,35,Jawa Timur
3507110,Wajak,3507,Kabupaten Malang,35,Jawa Timur
3507120,Turen,3507,Kabupaten Malang,35,Jawa Timur
3507130,Bululawang,3507,Kabupaten Malang,35,Jawa Timur
3507140,Gondanglegi,3507,Kabupaten Malang,35,Jawa Timur
3507150,Pagelaran,3507,Kabupaten Malang,35,Jawa Timur
3507160,Kepanjen,3507,Kabupaten Malang,35,Jawa Timur
3507170,Sumber Pucung,3507,Kabupaten Malang,35,Jawa Timur
3507180,Kromengan,3507,Kabupaten Malang,35,Jawa Timur
3507190,Ngajum,3507,Kabupaten Malang,35,Jawa Timur
3507200,Wonosari,3507,Kabupaten Malang,35,Jawa Timur
3507210,Wagir,3507,Kabupaten Malang,35,Jawa Timur
3507220,Pakisaji,3507,Kabupaten Malang,35,Jawa Timur
3507230,Tajinan,3507,Kabupaten Malang,35,Jawa Timur
3507240,Tumpang,3507,Kabupaten Malang,35,Jawa Timur
3507250,Pakis,3507,Kabupaten Malang,35,Jawa Timur
3507260,Jabung,3507,Kabupaten Malang,35,Jawa Timur
3507270,Lawang,3507,Kabupaten Malang,35,Jawa Timur
3507280,Singosari,3507,Kabupaten Malang,35,Jawa Timur
3507290,Karangploso,3507,Kabupaten Malang,35,Jawa Timur
3507300,Dau,3507,Kabupaten Malang,35,Jawa Timur
3507310,Pujon,3507,Kabupaten Malang,35,Jawa Timur
3507320,Ngantang,3507,Kabupaten Malang,35,Jawa Timur
3507330,Kasembon,3507,Kabupaten Malang,35,Jawa Timur
3508010,Tempursari,3508,Kabupaten Lumajang,35,Jawa Timur
3508020,Pronojiwo,3508,Kabupaten Lumajang,35,Jawa Timur
3508030,Candipuro,3508,Kabupaten Lumajang,35,Jawa Timur
3508040,Pasirian,3508,Kabupaten Lumajang,35,Jawa Timur
3508050,Tempeh,3508,Kabupaten Lumajang,35,Jawa Timur
3508060,Lumajang,3508,Kabupaten Lumajang,35,Jawa Timur
3508061,Sumbersuko,3508,Kabupaten Lumajang,35,Jawa Timur
3508070,Tekung,3508,Kabupaten Lumajang,35,Jawa Timur
3508080,Kunir,3508,Kabupaten Lumajang,35,Jawa Timur
3508090,Yosowilangun,3508,Kabupaten Lumajang,35,Jawa Timur
3508100,Rowokangkung,3508,Kabupaten Lumajang,35,Jawa Timur
3508110,Jatiroto,3508,Kabupaten Lumajang,35,Jawa Timur
3508120,Randuagung,3508,Kabupaten Lumajang,35,Jawa Timur
3508130,Sukodono,3508,Kabupaten Lumajang,35,Jawa Timur
3508140,Padang,3508,Kabupaten Lumajang,35,Jawa Timur
3508150,Pasrujambe,3508,Kabupaten Lumajang,35,Jawa Timur
3508160,Senduro,3508,Kabupaten Lumajang,35,Jawa Timur
3508170,Gucialit,3508,Kabupaten Lumajang,35,Jawa Timur
3508180,Kedungjajang,3508,Kabupaten Lumajang,35,Jawa Timur
3508190,Klakah,3508,Kabupaten Lumajang,35,Jawa Timur
3508200,Ranuyoso,3508,Kabupaten Lumajang,35,Jawa Timur
3509010,Kencong,3509,Kabupaten Jember,35,Jawa Timur
3509020,Gumuk Mas,3509,Kabupaten Jember,35,Jawa Timur
3509030,Puger,3509,Kabupaten Jember,35,Jawa Timur
3509040,Wuluhan,3509,Kabupaten Jember,35,Jawa Timur
3509050,Ambulu,3509,Kabupaten Jember,35,Jawa Timur
3509060,Tempurejo,3509,Kabupaten Jember,35,Jawa Timur
3509070,Silo,3509,Kabupaten Jember,35,Jawa Timur
3509080,Mayang,3509,Kabupaten Jember,35,Jawa Timur
3509090,Mumbulsari,3509,Kabupaten Jember,35,Jawa Timur
3509100,Jenggawah,3509,Kabupaten Jember,35,Jawa Timur
3509110,Ajung,3509,Kabupaten Jember,35,Jawa Timur
3509120,Rambipuji,3509,Kabupaten Jember,35,Jawa Timur
3509130,Balung,3509,Kabupaten Jember,35,Jawa Timur
3509140,Umbulsari,3509,Kabupaten Jember,35,Jawa Timur
3509150,Semboro,3509,Kabupaten Jember,35,Jawa Timur
3509160,Jombang,3509,Kabupaten Jember,35,Jawa Timur
3509170,Sumber Baru,3509,Kabupaten Jember,35,Jawa Timur
3509180,Tanggul,3509,Kabupaten Jember,35,Jawa Timur
3509190,Bangsalsari,3509,Kabupaten Jember,35,Jawa Timur
3509200,Panti,3509,Kabupaten Jember,35,Jawa Timur
3509210,Sukorambi,3509,Kabupaten Jember,35,Jawa Timur
3509220,Arjasa,3509,Kabupaten Jember,35,Jawa Timur
3509230,Pakusari,3509,Kabupaten Jember,35,Jawa Timur
3509240,Kalisat,3509,Kabupaten Jember,35,Jawa Timur
3509250,Ledokombo,3509,Kabupaten Jember,35,Jawa Timur
3509260,Sumberjambe,3509,Kabupaten Jember,35,Jawa Timur
3509270,Sukowono,3509,Kabupaten Jember,35,Jawa Timur
3509280,Jelbuk,3509,Kabupaten Jember,35,Jawa Timur
3509710,Kaliwates,3509,Kabupaten Jember,35,Jawa Timur
3509720,Sumbersari,3509,Kabupaten Jember,35,Jawa Timur
3509730,Patrang,3509,Kabupaten Jember,35,Jawa Timur
3510010,Pesanggaran,3510,Kabupaten Banyuwangi,35,Jawa Timur
3510011,Siliragung,3510,Kabupaten Banyuwangi,35,Jawa Timur
3510020,Bangorejo,3510,Kabupaten Banyuwangi,35,Jawa Timur
3510030,Purwoharjo,3510,Kabupaten Banyuwangi,35,Jawa Timur
3510040,Tegaldlimo,3510,Kabupaten Banyuwangi,35,Jawa Timur
3510050,Muncar,3510,Kabupaten Banyuwangi,35,Jawa Timur
3510060,Cluring,3510,Kabupaten Banyuwangi,35,Jawa Timur
3510070,Gambiran,3510,Kabupaten Banyuwangi,35,Jawa Timur
3510071,Tegalsari,3510,Kabupaten Banyuwangi,35,Jawa Timur
3510080,Glenmore,3510,Kabupaten Banyuwangi,35,Jawa Timur
3510090,Kalibaru,3510,Kabupaten Banyuwangi,35,Jawa Timur
3510100,Genteng,3510,Kabupaten Banyuwangi,35,Jawa Timur
3510110,Srono,3510,Kabupaten Banyuwangi,35,Jawa Timur
3510120,Rogojampi,3510,Kabupaten Banyuwangi,35,Jawa Timur
3510130,Kabat,3510,Kabupaten Banyuwangi,35,Jawa Timur
3510140,Singojuruh,3510,Kabupaten Banyuwangi,35,Jawa Timur
3510150,Sempu,3510,Kabupaten Banyuwangi,35,Jawa Timur
3510160,Songgon,3510,Kabupaten Banyuwangi,35,Jawa Timur
3510170,Glagah,3510,Kabupaten Banyuwangi,35,Jawa Timur
3510171,Licin,3510,Kabupaten Banyuwangi,35,Jawa Timur
3510180,Banyuwangi,3510,Kabupaten Banyuwangi,35,Jawa Timur
3510190,Giri,3510,Kabupaten Banyuwangi,35,Jawa Timur
3510200,Kalipuro,3510,Kabupaten Banyuwangi,35,Jawa Timur
3510210,Wongsorejo,3510,Kabupaten Banyuwangi,35,Jawa Timur
3511010,Maesan,3511,Kabupaten Bondowoso,35,Jawa Timur
3511020,Grujugan,3511,Kabupaten Bondowoso,35,Jawa Timur
3511030,Tamanan,3511,Kabupaten Bondowoso,35,Jawa Timur
3511031,Jambesari Darus Sholah,3511,Kabupaten Bondowoso,35,Jawa Timur
3511040,Pujer,3511,Kabupaten Bondowoso,35,Jawa Timur
3511050,Tlogosari,3511,Kabupaten Bondowoso,35,Jawa Timur
3511060,Sukosari,3511,Kabupaten Bondowoso,35,Jawa Timur
3511061,Sumber Wringin,3511,Kabupaten Bondowoso,35,Jawa Timur
3511070,Tapen,3511,Kabupaten Bondowoso,35,Jawa Timur
3511080,Wonosari,3511,Kabupaten Bondowoso,35,Jawa Timur
3511090,Tenggarang,3511,Kabupaten Bondowoso,35,Jawa Timur
3511100,Bondowoso,3511,Kabupaten Bondowoso,35,Jawa Timur
3511110,Curah Dami,3511,Kabupaten Bondowoso,35,Jawa Timur
3511111,Binakal,3511,Kabupaten Bondowoso,35,Jawa Timur
3511120,Pakem,3511,Kabupaten Bondowoso,35,Jawa Timur
3511130,Wringin,3511,Kabupaten Bondowoso,35,Jawa Timur
3511140,Tegalampel,3511,Kabupaten Bondowoso,35,Jawa Timur
3511141,Taman Krocok,3511,Kabupaten Bondowoso,35,Jawa Timur
3511150,Klabang,3511,Kabupaten Bondowoso,35,Jawa Timur
3511151,Sempol,3511,Kabupaten Bondowoso,35,Jawa Timur
3511152,Botolinggo,3511,Kabupaten Bondowoso,35,Jawa Timur
3511160,Prajekan,3511,Kabupaten Bondowoso,35,Jawa Timur
3511170,Cermee,3511,Kabupaten Bondowoso,35,Jawa Timur
3512010,Sumbermalang,3512,Kabupaten Situbondo,35,Jawa Timur
3512020,Jatibanteng,3512,Kabupaten Situbondo,35,Jawa Timur
3512030,Banyuglugur,3512,Kabupaten Situbondo,35,Jawa Timur
3512040,Besuki,3512,Kabupaten Situbondo,35,Jawa Timur
3512050,Suboh,3512,Kabupaten Situbondo,35,Jawa Timur
3512060,Mlandingan,3512,Kabupaten Situbondo,35,Jawa Timur
3512070,Bungatan,3512,Kabupaten Situbondo,35,Jawa Timur
3512080,Kendit,3512,Kabupaten Situbondo,35,Jawa Timur
3512090,Panarukan,3512,Kabupaten Situbondo,35,Jawa Timur
3512100,Situbondo,3512,Kabupaten Situbondo,35,Jawa Timur
3512110,Mangaran,3512,Kabupaten Situbondo,35,Jawa Timur
3512120,Panji,3512,Kabupaten Situbondo,35,Jawa Timur
3512130,Kapongan,3512,Kabupaten Situbondo,35,Jawa Timur
3512140,Arjasa,3512,Kabupaten Situbondo,35,Jawa Timur
3512150,Jangkar,3512,Kabupaten Situbondo,35,Jawa Timur
3512160,Asembagus,3512,Kabupaten Situbondo,35,Jawa Timur
3512170,Banyuputih,3512,Kabupaten Situbondo,35,Jawa Timur
3513010,Sukapura,3513,Kabupaten Probolinggo,35,Jawa Timur
3513020,Sumber,3513,Kabupaten Probolinggo,35,Jawa Timur
3513030,Kuripan,3513,Kabupaten Probolinggo,35,Jawa Timur
3513040,Bantaran,3513,Kabupaten Probolinggo,35,Jawa Timur
3513050,Leces,3513,Kabupaten Probolinggo,35,Jawa Timur
3513060,Tegalsiwalan,3513,Kabupaten Probolinggo,35,Jawa Timur
3513070,Banyuanyar,3513,Kabupaten Probolinggo,35,Jawa Timur
3513080,Tiris,3513,Kabupaten Probolinggo,35,Jawa Timur
3513090,Krucil,3513,Kabupaten Probolinggo,35,Jawa Timur
3513100,Gading,3513,Kabupaten Probolinggo,35,Jawa Timur
3513110,Pakuniran,3513,Kabupaten Probolinggo,35,Jawa Timur
3513120,Kotaanyar,3513,Kabupaten Probolinggo,35,Jawa Timur
3513130,Paiton,3513,Kabupaten Probolinggo,35,Jawa Timur
3513140,Besuk,3513,Kabupaten Probolinggo,35,Jawa Timur
3513150,Kraksaan,3513,Kabupaten Probolinggo,35,Jawa Timur
3513160,Krejengan,3513,Kabupaten Probolinggo,35,Jawa Timur
3513170,Pajarakan,3513,Kabupaten Probolinggo,35,Jawa Timur
3513180,Maron,3513,Kabupaten Probolinggo,35,Jawa Timur
3513190,Gending,3513,Kabupaten Probolinggo,35,Jawa Timur
3513200,Dringu,3513,Kabupaten Probolinggo,35,Jawa Timur
3513210,Wonomerto,3513,Kabupaten Probolinggo,35,Jawa Timur
3513220,Lumbang,3513,Kabupaten Probolinggo,35,Jawa Timur
3513230,Tongas,3513,Kabupaten Probolinggo,35,Jawa Timur
3513240,Sumberasih,3513,Kabupaten Probolinggo,35,Jawa Timur
3514010,Purwodadi,3514,Kabupaten Pasuruan,35,Jawa Timur
3514020,Tutur,3514,Kabupaten Pasuruan,35,Jawa Timur
3514030,Puspo,3514,Kabupaten Pasuruan,35,Jawa Timur
3514040,Tosari,3514,Kabupaten Pasuruan,35,Jawa Timur
3514050,Lumbang,3514,Kabupaten Pasuruan,35,Jawa Timur
3514060,Pasrepan,3514,Kabupaten Pasuruan,35,Jawa Timur
3514070,Kejayan,3514,Kabupaten Pasuruan,35,Jawa Timur
3514080,Wonorejo,3514,Kabupaten Pasuruan,35,Jawa Timur
3514090,Purwosari,3514,Kabupaten Pasuruan,35,Jawa Timur
3514100,Prigen,3514,Kabupaten Pasuruan,35,Jawa Timur
3514110,Sukorejo,3514,Kabupaten Pasuruan,35,Jawa Timur
3514120,Pandaan,3514,Kabupaten Pasuruan,35,Jawa Timur
3514130,Gempol,3514,Kabupaten Pasuruan,35,Jawa Timur
3514140,Beji,3514,Kabupaten Pasuruan,35,Jawa Timur
3514150,Bangil,3514,Kabupaten Pasuruan,35,Jawa Timur
3514160,Rembang,3514,Kabupaten Pasuruan,35,Jawa Timur
3514170,Kraton,3514,Kabupaten Pasuruan,35,Jawa Timur
3514180,Pohjentrek,3514,Kabupaten Pasuruan,35,Jawa Timur
3514190,Gondang Wetan,3514,Kabupaten Pasuruan,35,Jawa Timur
3514200,Rejoso,3514,Kabupaten Pasuruan,35,Jawa Timur
3514210,Winongan,3514,Kabupaten Pasuruan,35,Jawa Timur
3514220,Grati,3514,Kabupaten Pasuruan,35,Jawa Timur
3514230,Lekok,3514,Kabupaten Pasuruan,35,Jawa Timur
3514240,Nguling,3514,Kabupaten Pasuruan,35,Jawa Timur
3515010,Tarik,3515,Kabupaten Sidoarjo,35,Jawa Timur
3515020,Prambon,3515,Kabupaten Sidoarjo,35,Jawa Timur
3515030,Krembung,3515,Kabupaten Sidoarjo,35,Jawa Timur
3515040,Porong,3515,Kabupaten Sidoarjo,35,Jawa Timur
3515050,Jabon,3515,Kabupaten Sidoarjo,35,Jawa Timur
3515060,Tanggulangin,3515,Kabupaten Sidoarjo,35,Jawa Timur
3515070,Candi,3515,Kabupaten Sidoarjo,35,Jawa Timur
3515080,Tulangan,3515,Kabupaten Sidoarjo,35,Jawa Timur
3515090,Wonoayu,3515,Kabupaten Sidoarjo,35,Jawa Timur
3515100,Sukodono,3515,Kabupaten Sidoarjo,35,Jawa Timur
3515110,Sidoarjo,3515,Kabupaten Sidoarjo,35,Jawa Timur
3515120,Buduran,3515,Kabupaten Sidoarjo,35,Jawa Timur
3515130,Sedati,3515,Kabupaten Sidoarjo,35,Jawa Timur
3515140,Waru,3515,Kabupaten Sidoarjo,35,Jawa Timur
3515150,Gedangan,3515,Kabupaten Sidoarjo,35,Jawa Timur
3515160,Taman,3515,Kabupaten Sidoarjo,35,Jawa Timur
3515170,Krian,3515,Kabupaten Sidoarjo,35,Jawa Timur
3515180,Balong Bendo,3515,Kabupaten Sidoarjo,35,Jawa Timur
3516010,Jatirejo,3516,Kabupaten Mojokerto,35,Jawa Timur
3516020,Gondang,3516,Kabupaten Mojokerto,35,Jawa Timur
3516030,Pacet,3516,Kabupaten Mojokerto,35,Jawa Timur
3516040,Trawas,3516,Kabupaten Mojokerto,35,Jawa Timur
3516050,Ngoro,3516,Kabupaten Mojokerto,35,Jawa Timur
3516060,Pungging,3516,Kabupaten Mojokerto,35,Jawa Timur
3516070,Kutorejo,3516,Kabupaten Mojokerto,35,Jawa Timur
3516080,Mojosari,3516,Kabupaten Mojokerto,35,Jawa Timur
3516090,Bangsal,3516,Kabupaten Mojokerto,35,Jawa Timur
3516091,Mojoanyar,3516,Kabupaten Mojokerto,35,Jawa Timur
3516100,Dlanggu,3516,Kabupaten Mojokerto,35,Jawa Timur
3516110,Puri,3516,Kabupaten Mojokerto,35,Jawa Timur
3516120,Trowulan,3516,Kabupaten Mojokerto,35,Jawa Timur
3516130,Sooko,3516,Kabupaten Mojokerto,35,Jawa Timur
3516140,Gedek,3516,Kabupaten Mojokerto,35,Jawa Timur
3516150,Kemlagi,3516,Kabupaten Mojokerto,35,Jawa Timur
3516160,Jetis,3516,Kabupaten Mojokerto,35,Jawa Timur
3516170,Dawar Blandong,3516,Kabupaten Mojokerto,35,Jawa Timur
3517010,Bandar Kedung Mulyo,3517,Kabupaten Jombang,35,Jawa Timur
3517020,Perak,3517,Kabupaten Jombang,35,Jawa Timur
3517030,Gudo,3517,Kabupaten Jombang,35,Jawa Timur
3517040,Diwek,3517,Kabupaten Jombang,35,Jawa Timur
3517050,Ngoro,3517,Kabupaten Jombang,35,Jawa Timur
3517060,Mojowarno,3517,Kabupaten Jombang,35,Jawa Timur
3517070,Bareng,3517,Kabupaten Jombang,35,Jawa Timur
3517080,Wonosalam,3517,Kabupaten Jombang,35,Jawa Timur
3517090,Mojoagung,3517,Kabupaten Jombang,35,Jawa Timur
3517100,Sumobito,3517,Kabupaten Jombang,35,Jawa Timur
3517110,Jogo Roto,3517,Kabupaten Jombang,35,Jawa Timur
3517120,Peterongan,3517,Kabupaten Jombang,35,Jawa Timur
3517130,Jombang,3517,Kabupaten Jombang,35,Jawa Timur
3517140,Megaluh,3517,Kabupaten Jombang,35,Jawa Timur
3517150,Tembelang,3517,Kabupaten Jombang,35,Jawa Timur
3517160,Kesamben,3517,Kabupaten Jombang,35,Jawa Timur
3517170,Kudu,3517,Kabupaten Jombang,35,Jawa Timur
3517171,Ngusikan,3517,Kabupaten Jombang,35,Jawa Timur
3517180,Ploso,3517,Kabupaten Jombang,35,Jawa Timur
3517190,Kabuh,3517,Kabupaten Jombang,35,Jawa Timur
3517200,Plandaan,3517,Kabupaten Jombang,35,Jawa Timur
3518010,Sawahan,3518,Kabupaten Nganjuk,35,Jawa Timur
3518020,Ngetos,3518,Kabupaten Nganjuk,35,Jawa Timur
3518030,Berbek,3518,Kabupaten Nganjuk,35,Jawa Timur
3518040,Loceret,3518,Kabupaten Nganjuk,35,Jawa Timur
3518050,Pace,3518,Kabupaten Nganjuk,35,Jawa Timur
3518060,Tanjunganom,3518,Kabupaten Nganjuk,35,Jawa Timur
3518070,Prambon,3518,Kabupaten Nganjuk,35,Jawa Timur
3518080,Ngronggot,3518,Kabupaten Nganjuk,35,Jawa Timur
3518090,Kertosono,3518,Kabupaten Nganjuk,35,Jawa Timur
3518100,Patianrowo,3518,Kabupaten Nganjuk,35,Jawa Timur
3518110,Baron,3518,Kabupaten Nganjuk,35,Jawa Timur
3518120,Gondang,3518,Kabupaten Nganjuk,35,Jawa Timur
3518130,Sukomoro,3518,Kabupaten Nganjuk,35,Jawa Timur
3518140,Nganjuk,3518,Kabupaten Nganjuk,35,Jawa Timur
3518150,Bagor,3518,Kabupaten Nganjuk,35,Jawa Timur
3518160,Wilangan,3518,Kabupaten Nganjuk,35,Jawa Timur
3518170,Rejoso,3518,Kabupaten Nganjuk,35,Jawa Timur
3518180,Ngluyu,3518,Kabupaten Nganjuk,35,Jawa Timur
3518190,Lengkong,3518,Kabupaten Nganjuk,35,Jawa Timur
3518200,Jatikalen,3518,Kabupaten Nganjuk,35,Jawa Timur
3519010,Kebonsari,3519,Kabupaten Madiun,35,Jawa Timur
3519020,Geger,3519,Kabupaten Madiun,35,Jawa Timur
3519030,Dolopo,3519,Kabupaten Madiun,35,Jawa Timur
3519040,Dagangan,3519,Kabupaten Madiun,35,Jawa Timur
3519050,Wungu,3519,Kabupaten Madiun,35,Jawa Timur
3519060,Kare,3519,Kabupaten Madiun,35,Jawa Timur
3519070,Gemarang,3519,Kabupaten Madiun,35,Jawa Timur
3519080,Saradan,3519,Kabupaten Madiun,35,Jawa Timur
3519090,Pilangkenceng,3519,Kabupaten Madiun,35,Jawa Timur
3519100,Mejayan,3519,Kabupaten Madiun,35,Jawa Timur
3519110,Wonoasri,3519,Kabupaten Madiun,35,Jawa Timur
3519120,Balerejo,3519,Kabupaten Madiun,35,Jawa Timur
3519130,Madiun,3519,Kabupaten Madiun,35,Jawa Timur
3519140,Sawahan,3519,Kabupaten Madiun,35,Jawa Timur
3519150,Jiwan,3519,Kabupaten Madiun,35,Jawa Timur
3520010,Poncol,3520,Kabupaten Magetan,35,Jawa Timur
3520020,Parang,3520,Kabupaten Magetan,35,Jawa Timur
3520030,Lembeyan,3520,Kabupaten Magetan,35,Jawa Timur
3520040,Takeran,3520,Kabupaten Magetan,35,Jawa Timur
3520041,Nguntoronadi,3520,Kabupaten Magetan,35,Jawa Timur
3520050,Kawedanan,3520,Kabupaten Magetan,35,Jawa Timur
3520060,Magetan,3520,Kabupaten Magetan,35,Jawa Timur
3520061,Ngariboyo,3520,Kabupaten Magetan,35,Jawa Timur
3520070,Plaosan,3520,Kabupaten Magetan,35,Jawa Timur
3520071,Sidorejo,3520,Kabupaten Magetan,35,Jawa Timur
3520080,Panekan,3520,Kabupaten Magetan,35,Jawa Timur
3520090,Sukomoro,3520,Kabupaten Magetan,35,Jawa Timur
3520100,Bendo,3520,Kabupaten Magetan,35,Jawa Timur
3520110,Maospati,3520,Kabupaten Magetan,35,Jawa Timur
3520120,Karangrejo,3520,Kabupaten Magetan,35,Jawa Timur
3520121,Karas,3520,Kabupaten Magetan,35,Jawa Timur
3520130,Barat,3520,Kabupaten Magetan,35,Jawa Timur
3520131,Kartoharjo,3520,Kabupaten Magetan,35,Jawa Timur
3521010,Sine,3521,Kabupaten Ngawi,35,Jawa Timur
3521020,Ngrambe,3521,Kabupaten Ngawi,35,Jawa Timur
3521030,Jogorogo,3521,Kabupaten Ngawi,35,Jawa Timur
3521040,Kendal,3521,Kabupaten Ngawi,35,Jawa Timur
3521050,Geneng,3521,Kabupaten Ngawi,35,Jawa Timur
3521051,Gerih,3521,Kabupaten Ngawi,35,Jawa Timur
3521060,Kwadungan,3521,Kabupaten Ngawi,35,Jawa Timur
3521070,Pangkur,3521,Kabupaten Ngawi,35,Jawa Timur
3521080,Karangjati,3521,Kabupaten Ngawi,35,Jawa Timur
3521090,Bringin,3521,Kabupaten Ngawi,35,Jawa Timur
3521100,Padas,3521,Kabupaten Ngawi,35,Jawa Timur
3521101,Kasreman,3521,Kabupaten Ngawi,35,Jawa Timur
3521110,Ngawi,3521,Kabupaten Ngawi,35,Jawa Timur
3521120,Paron,3521,Kabupaten Ngawi,35,Jawa Timur
3521130,Kedunggalar,3521,Kabupaten Ngawi,35,Jawa Timur
3521140,Pitu,3521,Kabupaten Ngawi,35,Jawa Timur
3521150,Widodaren,3521,Kabupaten Ngawi,35,Jawa Timur
3521160,Mantingan,3521,Kabupaten Ngawi,35,Jawa Timur
3521170,Karanganyar,3521,Kabupaten Ngawi,35,Jawa Timur
3522010,Margomulyo,3522,Kabupaten Bojonegoro,35,Jawa Timur
3522020,Ngraho,3522,Kabupaten Bojonegoro,35,Jawa Timur
3522030,Tambakrejo,3522,Kabupaten Bojonegoro,35,Jawa Timur
3522040,Ngambon,3522,Kabupaten Bojonegoro,35,Jawa Timur
3522041,Sekar,3522,Kabupaten Bojonegoro,35,Jawa Timur
3522050,Bubulan,3522,Kabupaten Bojonegoro,35,Jawa Timur
3522051,Gondang,3522,Kabupaten Bojonegoro,35,Jawa Timur
3522060,Temayang,3522,Kabupaten Bojonegoro,35,Jawa Timur
3522070,Sugihwaras,3522,Kabupaten Bojonegoro,35,Jawa Timur
3522080,Kedungadem,3522,Kabupaten Bojonegoro,35,Jawa Timur
3522090,Kepoh Baru,3522,Kabupaten Bojonegoro,35,Jawa Timur
3522100,Baureno,3522,Kabupaten Bojonegoro,35,Jawa Timur
3522110,Kanor,3522,Kabupaten Bojonegoro,35,Jawa Timur
3522120,Sumberejo,3522,Kabupaten Bojonegoro,35,Jawa Timur
3522130,Balen,3522,Kabupaten Bojonegoro,35,Jawa Timur
3522140,Sukosewu,3522,Kabupaten Bojonegoro,35,Jawa Timur
3522150,Kapas,3522,Kabupaten Bojonegoro,35,Jawa Timur
3522160,Bojonegoro,3522,Kabupaten Bojonegoro,35,Jawa Timur
3522170,Trucuk,3522,Kabupaten Bojonegoro,35,Jawa Timur
3522180,Dander,3522,Kabupaten Bojonegoro,35,Jawa Timur
3522190,Ngasem,3522,Kabupaten Bojonegoro,35,Jawa Timur
3522191,Gayam,3522,Kabupaten Bojonegoro,35,Jawa Timur
3522200,Kalitidu,3522,Kabupaten Bojonegoro,35,Jawa Timur
3522210,Malo,3522,Kabupaten Bojonegoro,35,Jawa Timur
3522220,Purwosari,3522,Kabupaten Bojonegoro,35,Jawa Timur
3522230,Padangan,3522,Kabupaten Bojonegoro,35,Jawa Timur
3522240,Kasiman,3522,Kabupaten Bojonegoro,35,Jawa Timur
3522241,Kedewan,3522,Kabupaten Bojonegoro,35,Jawa Timur
3523010,Kenduruan,3523,Kabupaten Tuban,35,Jawa Timur
3523020,Bangilan,3523,Kabupaten Tuban,35,Jawa Timur
3523030,Senori,3523,Kabupaten Tuban,35,Jawa Timur
3523040,Singgahan,3523,Kabupaten Tuban,35,Jawa Timur
3523050,Montong,3523,Kabupaten Tuban,35,Jawa Timur
3523060,Parengan,3523,Kabupaten Tuban,35,Jawa Timur
3523070,Soko,3523,Kabupaten Tuban,35,Jawa Timur
3523080,Rengel,3523,Kabupaten Tuban,35,Jawa Timur
3523081,Grabagan,3523,Kabupaten Tuban,35,Jawa Timur
3523090,Plumpang,3523,Kabupaten Tuban,35,Jawa Timur
3523100,Widang,3523,Kabupaten Tuban,35,Jawa Timur
3523110,Palang,3523,Kabupaten Tuban,35,Jawa Timur
3523120,Semanding,3523,Kabupaten Tuban,35,Jawa Timur
3523130,Tuban,3523,Kabupaten Tuban,35,Jawa Timur
3523140,Jenu,3523,Kabupaten Tuban,35,Jawa Timur
3523150,Merakurak,3523,Kabupaten Tuban,35,Jawa Timur
3523160,Kerek,3523,Kabupaten Tuban,35,Jawa Timur
3523170,Tambakboyo,3523,Kabupaten Tuban,35,Jawa Timur
3523180,Jatirogo,3523,Kabupaten Tuban,35,Jawa Timur
3523190,Bancar,3523,Kabupaten Tuban,35,Jawa Timur
3524010,Sukorame,3524,Kabupaten Lamongan,35,Jawa Timur
3524020,Bluluk,3524,Kabupaten Lamongan,35,Jawa Timur
3524030,Ngimbang,3524,Kabupaten Lamongan,35,Jawa Timur
3524040,Sambeng,3524,Kabupaten Lamongan,35,Jawa Timur
3524050,Mantup,3524,Kabupaten Lamongan,35,Jawa Timur
3524060,Kembangbahu,3524,Kabupaten Lamongan,35,Jawa Timur
3524070,Sugio,3524,Kabupaten Lamongan,35,Jawa Timur
3524080,Kedungpring,3524,Kabupaten Lamongan,35,Jawa Timur
3524090,Modo,3524,Kabupaten Lamongan,35,Jawa Timur
3524100,Babat,3524,Kabupaten Lamongan,35,Jawa Timur
3524110,Pucuk,3524,Kabupaten Lamongan,35,Jawa Timur
3524120,Sukodadi,3524,Kabupaten Lamongan,35,Jawa Timur
3524130,Lamongan,3524,Kabupaten Lamongan,35,Jawa Timur
3524140,Tikung,3524,Kabupaten Lamongan,35,Jawa Timur
3524141,Sarirejo,3524,Kabupaten Lamongan,35,Jawa Timur
3524150,Deket,3524,Kabupaten Lamongan,35,Jawa Timur
3524160,Glagah,3524,Kabupaten Lamongan,35,Jawa Timur
3524170,Karangbinangun,3524,Kabupaten Lamongan,35,Jawa Timur
3524180,Turi,3524,Kabupaten Lamongan,35,Jawa Timur
3524190,Kalitengah,3524,Kabupaten Lamongan,35,Jawa Timur
3524200,Karang Geneng,3524,Kabupaten Lamongan,35,Jawa Timur
3524210,Sekaran,3524,Kabupaten Lamongan,35,Jawa Timur
3524220,Maduran,3524,Kabupaten Lamongan,35,Jawa Timur
3524230,Laren,3524,Kabupaten Lamongan,35,Jawa Timur
3524240,Solokuro,3524,Kabupaten Lamongan,35,Jawa Timur
3524250,Paciran,3524,Kabupaten Lamongan,35,Jawa Timur
3524260,Brondong,3524,Kabupaten Lamongan,35,Jawa Timur
3525010,Wringinanom,3525,Kabupaten Gresik,35,Jawa Timur
3525020,Driyorejo,3525,Kabupaten Gresik,35,Jawa Timur
3525030,Kedamean,3525,Kabupaten Gresik,35,Jawa Timur
3525040,Menganti,3525,Kabupaten Gresik,35,Jawa Timur
3525050,Cerme,3525,Kabupaten Gresik,35,Jawa Timur
3525060,Benjeng,3525,Kabupaten Gresik,35,Jawa Timur
3525070,Balongpanggang,3525,Kabupaten Gresik,35,Jawa Timur
3525080,Duduksampeyan,3525,Kabupaten Gresik,35,Jawa Timur
3525090,Kebomas,3525,Kabupaten Gresik,35,Jawa Timur
3525100,Gresik,3525,Kabupaten Gresik,35,Jawa Timur
3525110,Manyar,3525,Kabupaten Gresik,35,Jawa Timur
3525120,Bungah,3525,Kabupaten Gresik,35,Jawa Timur
3525130,Sidayu,3525,Kabupaten Gresik,35,Jawa Timur
3525140,Dukun,3525,Kabupaten Gresik,35,Jawa Timur
3525150,Panceng,3525,Kabupaten Gresik,35,Jawa Timur
3525160,Ujungpangkah,3525,Kabupaten Gresik,35,Jawa Timur
3525170,Sangkapura,3525,Kabupaten Gresik,35,Jawa Timur
3525180,Tambak,3525,Kabupaten Gresik,35,Jawa Timur
3526010,Kamal,3526,Kabupaten Bangkalan,35,Jawa Timur
3526020,Labang,3526,Kabupaten Bangkalan,35,Jawa Timur
3526030,Kwanyar,3526,Kabupaten Bangkalan,35,Jawa Timur
3526040,Modung,3526,Kabupaten Bangkalan,35,Jawa Timur
3526050,Blega,3526,Kabupaten Bangkalan,35,Jawa Timur
3526060,Konang,3526,Kabupaten Bangkalan,35,Jawa Timur
3526070,Galis,3526,Kabupaten Bangkalan,35,Jawa Timur
3526080,Tanah Merah,3526,Kabupaten Bangkalan,35,Jawa Timur
3526090,Tragah,3526,Kabupaten Bangkalan,35,Jawa Timur
3526100,Socah,3526,Kabupaten Bangkalan,35,Jawa Timur
3526110,Bangkalan,3526,Kabupaten Bangkalan,35,Jawa Timur
3526120,Burneh,3526,Kabupaten Bangkalan,35,Jawa Timur
3526130,Arosbaya,3526,Kabupaten Bangkalan,35,Jawa Timur
3526140,Geger,3526,Kabupaten Bangkalan,35,Jawa Timur
3526150,Kokop,3526,Kabupaten Bangkalan,35,Jawa Timur
3526160,Tanjungbumi,3526,Kabupaten Bangkalan,35,Jawa Timur
3526170,Sepulu,3526,Kabupaten Bangkalan,35,Jawa Timur
3526180,Klampis,3526,Kabupaten Bangkalan,35,Jawa Timur
3527010,Sreseh,3527,Kabupaten Sampang,35,Jawa Timur
3527020,Torjun,3527,Kabupaten Sampang,35,Jawa Timur
3527021,Pangarengan,3527,Kabupaten Sampang,35,Jawa Timur
3527030,Sampang,3527,Kabupaten Sampang,35,Jawa Timur
3527040,Camplong,3527,Kabupaten Sampang,35,Jawa Timur
3527050,Omben,3527,Kabupaten Sampang,35,Jawa Timur
3527060,Kedungdung,3527,Kabupaten Sampang,35,Jawa Timur
3527070,Jrengik,3527,Kabupaten Sampang,35,Jawa Timur
3527080,Tambelangan,3527,Kabupaten Sampang,35,Jawa Timur
3527090,Banyuates,3527,Kabupaten Sampang,35,Jawa Timur
3527100,Robatal,3527,Kabupaten Sampang,35,Jawa Timur
3527101,Karang Penang,3527,Kabupaten Sampang,35,Jawa Timur
3527110,Ketapang,3527,Kabupaten Sampang,35,Jawa Timur
3527120,Sokobanah,3527,Kabupaten Sampang,35,Jawa Timur
3528010,Tlanakan,3528,Kabupaten Pamekasan,35,Jawa Timur
3528020,Pademawu,3528,Kabupaten Pamekasan,35,Jawa Timur
3528030,Galis,3528,Kabupaten Pamekasan,35,Jawa Timur
3528040,Larangan,3528,Kabupaten Pamekasan,35,Jawa Timur
3528050,Pamekasan,3528,Kabupaten Pamekasan,35,Jawa Timur
3528060,Proppo,3528,Kabupaten Pamekasan,35,Jawa Timur
3528070,Palengaan,3528,Kabupaten Pamekasan,35,Jawa Timur
3528080,Pegantenan,3528,Kabupaten Pamekasan,35,Jawa Timur
3528090,Kadur,3528,Kabupaten Pamekasan,35,Jawa Timur
3528100,Pakong,3528,Kabupaten Pamekasan,35,Jawa Timur
3528110,Waru,3528,Kabupaten Pamekasan,35,Jawa Timur
3528120,Batu Marmar,3528,Kabupaten Pamekasan,35,Jawa Timur
3528130,Pasean,3528,Kabupaten Pamekasan,35,Jawa Timur
3529010,Pragaan,3529,Kabupaten Sumenep,35,Jawa Timur
3529020,Bluto,3529,Kabupaten Sumenep,35,Jawa Timur
3529030,Saronggi,3529,Kabupaten Sumenep,35,Jawa Timur
3529040,Giligenteng,3529,Kabupaten Sumenep,35,Jawa Timur
3529050,Talango,3529,Kabupaten Sumenep,35,Jawa Timur
3529060,Kalianget,3529,Kabupaten Sumenep,35,Jawa Timur
3529070,Kota Sumenep,3529,Kabupaten Sumenep,35,Jawa Timur
3529071,Batuan,3529,Kabupaten Sumenep,35,Jawa Timur
3529080,Lenteng,3529,Kabupaten Sumenep,35,Jawa Timur
3529090,Ganding,3529,Kabupaten Sumenep,35,Jawa Timur
3529100,Guluk Guluk,3529,Kabupaten Sumenep,35,Jawa Timur
3529110,Pasongsongan,3529,Kabupaten Sumenep,35,Jawa Timur
3529120,Ambunten,3529,Kabupaten Sumenep,35,Jawa Timur
3529130,Rubaru,3529,Kabupaten Sumenep,35,Jawa Timur
3529140,Dasuk,3529,Kabupaten Sumenep,35,Jawa Timur
3529150,Manding,3529,Kabupaten Sumenep,35,Jawa Timur
3529160,Batuputih,3529,Kabupaten Sumenep,35,Jawa Timur
3529170,Gapura,3529,Kabupaten Sumenep,35,Jawa Timur
3529180,Batang Batang,3529,Kabupaten Sumenep,35,Jawa Timur
3529190,Dungkek,3529,Kabupaten Sumenep,35,Jawa Timur
3529200,Nonggunong,3529,Kabupaten Sumenep,35,Jawa Timur
3529210,Gayam,3529,Kabupaten Sumenep,35,Jawa Timur
3529220,Raas,3529,Kabupaten Sumenep,35,Jawa Timur
3529230,Sapeken,3529,Kabupaten Sumenep,35,Jawa Timur
3529240,Arjasa,3529,Kabupaten Sumenep,35,Jawa Timur
3529241,Kangayan,3529,Kabupaten Sumenep,35,Jawa Timur
3529250,Masalembu,3529,Kabupaten Sumenep,35,Jawa Timur
3571010,Mojoroto,3571,Kota Kediri,35,Jawa Timur
3571020,Kota Kediri,3571,Kota Kediri,35,Jawa Timur
3571030,Pesantren,3571,Kota Kediri,35,Jawa Timur
3572010,Sukorejo,3572,Kota Blitar,35,Jawa Timur
3572020,Kepanjenkidul,3572,Kota Blitar,35,Jawa Timur
3572030,Sananwetan,3572,Kota Blitar,35,Jawa Timur
3573010,Kedungkandang,3573,Kota Malang,35,Jawa Timur
3573020,Sukun,3573,Kota Malang,35,Jawa Timur
3573030,Klojen,3573,Kota Malang,35,Jawa Timur
3573040,Blimbing,3573,Kota Malang,35,Jawa Timur
3573050,Lowokwaru,3573,Kota Malang,35,Jawa Timur
3574010,Kademangan,3574,Kota Probolinggo,35,Jawa Timur
3574011,Kedopok,3574,Kota Probolinggo,35,Jawa Timur
3574020,Wonoasih,3574,Kota Probolinggo,35,Jawa Timur
3574030,Mayangan,3574,Kota Probolinggo,35,Jawa Timur
3574031,Kanigaran,3574,Kota Probolinggo,35,Jawa Timur
3575010,Gadingrejo,3575,Kota Pasuruan,35,Jawa Timur
3575020,Purworejo,3575,Kota Pasuruan,35,Jawa Timur
3575030,Bugulkidul,3575,Kota Pasuruan,35,Jawa Timur
3575031,Panggungrejo,3575,Kota Pasuruan,35,Jawa Timur
3576010,Prajurit Kulon,3576,Kota Mojokerto,35,Jawa Timur
3576020,Magersari,3576,Kota Mojokerto,35,Jawa Timur
3577010,Mangu Harjo,3577,Kota Madiun,35,Jawa Timur
3577020,Taman,3577,Kota Madiun,35,Jawa Timur
3577030,Kartoharjo,3577,Kota Madiun,35,Jawa Timur
3578010,Karang Pilang,3578,Kota Surabaya,35,Jawa Timur
3578020,Jambangan,3578,Kota Surabaya,35,Jawa Timur
3578030,Gayungan,3578,Kota Surabaya,35,Jawa Timur
3578040,Wonocolo,3578,Kota Surabaya,35,Jawa Timur
3578050,Tenggilis Mejoyo,3578,Kota Surabaya,35,Jawa Timur
3578060,Gunung Anyar,3578,Kota Surabaya,35,Jawa Timur
3578070,Rungkut,3578,Kota Surabaya,35,Jawa Timur
3578080,Sukolilo,3578,Kota Surabaya,35,Jawa Timur
3578090,Mulyorejo,3578,Kota Surabaya,35,Jawa Timur
3578100,Gubeng,3578,Kota Surabaya,35,Jawa Timur
3578110,Wonokromo,3578,Kota Surabaya,35,Jawa Timur
3578120,Dukuh Pakis,3578,Kota Surabaya,35,Jawa Timur
3578130,Wiyung,3578,Kota Surabaya,35,Jawa Timur
3578140,Lakarsantri,3578,Kota Surabaya,35,Jawa Timur
3578141,Sambikerep,3578,Kota Surabaya,35,Jawa Timur
3578150,Tandes,3578,Kota Surabaya,35,Jawa Timur
3578160,Suko Manunggal,3578,Kota Surabaya,35,Jawa Timur
3578170,Sawahan,3578,Kota Surabaya,35,Jawa Timur
3578180,Tegalsari,3578,Kota Surabaya,35,Jawa Timur
3578190,Genteng,3578,Kota Surabaya,35,Jawa Timur
3578200,Tambaksari,3578,Kota Surabaya,35,Jawa Timur
3578210,Kenjeran,3578,Kota Surabaya,35,Jawa Timur
3578211,Bulak,3578,Kota Surabaya,35,Jawa Timur
3578220,Simokerto,3578,Kota Surabaya,35,Jawa Timur
3578230,Semampir,3578,Kota Surabaya,35,Jawa Timur
3578240,Pabean Cantian,3578,Kota Surabaya,35,Jawa Timur
3578250,Bubutan,3578,Kota Surabaya,35,Jawa Timur
3578260,Krembangan,3578,Kota Surabaya,35,Jawa Timur
3578270,Asemrowo,3578,Kota Surabaya,35,Jawa Timur
3578280,Benowo,3578,Kota Surabaya,35,Jawa Timur
3578281,Pakal,3578,Kota Surabaya,35,Jawa Timur
3579010,Batu,3579,Kota Batu,35,Jawa Timur
3579020,Junrejo,3579,Kota Batu,35,Jawa Timur
3579030,Bumiaji,3579,Kota Batu,35,Jawa Timur
