nik,nama,kabupaten,kecamatan,kelurahan,program
3525010504758936,Hendra Darmawan,Kab. Gresik,Gresik,Gresik,PKH (Program Keluarga Harapan)
3524025704739196,Yayuk Raharjo,Kab. Lamongan,Babat,Babat,BPNT (Bantuan Pangan Non Tunai)
3573056605976925,Siti Cahyono,Kota Malang,Lowokwaru,Tlogomas,BST (Bantuan Sosial Tunai)
3514020302815882,Fandi Kusuma,Kab. Pasuruan,Beji,Beji,ASPDB (Disabilitas Berat)
3515031302944804,Agus Pambudi,Kab. Sidoarjo,Candi,Candi,ASPDB (Disabilitas Berat)
3525032201641308,Zainal Hidayat,Kab. Gresik,Menganti,Kepatihan,ASPDB (Disabilitas Berat)
3511014606003433,Fitri Surya,Kab. Bondowoso,Bondowoso,Kademangan,PKH Plus Lansia
3514010812946217,Bambang Ilham,Kab. Pasuruan,Bangil,Kolursari,BST (Bantuan Sosial Tunai)
3525034801806573,Dewi Maulana,Kab. Gresik,Menganti,Boboh,BST (Bantuan Sosial Tunai)
3509022104807518,Ridwan Dwiyanto,Kab. Jember,Patrang,Bintoro,BPNT (Bantuan Pangan Non Tunai)
3514022405949561,Tanto Fauzan,Kab. Pasuruan,Beji,Beji,PBI-JKN (Penerima Bantuan Iuran JKN)
3515026801652622,Nani Pratama,Kab. Sidoarjo,Buduran,Buduran,ASPDB (Disabilitas Berat)
3525025510849065,Rini Saputra,Kab. Gresik,Driyorejo,Sumput,ASPDB (Disabilitas Berat)
3507011002817434,Lutfi Cahyono,Kab. Malang,Kepanjen,Jenggolo,PKH (Program Keluarga Harapan)
3573032802928318,Danu Kurniawan,Kota Malang,Klojen,Gadingkasri,Kemiskinan Ekstrem (2025)
3511010109948006,Bagus Maulana,Kab. Bondowoso,Bondowoso,Kademangan,PKH (Program Keluarga Harapan)
3509034310757963,Endang Irawan,Kab. Jember,Sumbersari,Kebonsari,ASPDB (Disabilitas Berat)
3509020903956933,Taufik Triyono,Kab. Jember,Patrang,Patrang,BPNT (Bantuan Pangan Non Tunai)
3522036207797178,Suwarni Andriyanto,Kab. Bojonegoro,Balen,Sobontoro,Kemiskinan Ekstrem (2025)
3518015901819642,Titik Basuki,Kab. Nganjuk,Nganjuk,Nganjuk,BPNT (Bantuan Pangan Non Tunai)
3507014306624563,Puji Utomo,Kab. Malang,Kepanjen,Ardirejo,PKH Plus Lansia
3518015610966670,Mulyati Jatmiko,Kab. Nganjuk,Nganjuk,Payaman,BPNT (Bantuan Pangan Non Tunai)
3509015507871613,Rina Darmawan,Kab. Jember,Kaliwates,Kebon Agung,PKH (Program Keluarga Harapan)
3517030704667351,Wawan Nurrohman,Kab. Jombang,Ploso,Plandaan,BPNT (Bantuan Pangan Non Tunai)
3517016608640829,Titik Kusuma,Kab. Jombang,Jombang,Kepanjen,PKH Plus Lansia
3522011403753503,Ridwan Jatmiko,Kab. Bojonegoro,Bojonegoro,Klangon,ASPDB (Disabilitas Berat)
3517016605846931,Lilik Hidayat,Kab. Jombang,Jombang,Jombang,PKH Plus Lansia
3573051004699490,Yusuf Wibowo,Kota Malang,Lowokwaru,Tunggulwulung,PKH Plus Lansia
3522015610632580,Puji Mulyadi,Kab. Bojonegoro,Bojonegoro,Sumbang,PKH (Program Keluarga Harapan)
3522016811641965,Mulyati Dwiyanto,Kab. Bojonegoro,Bojonegoro,Klangon,Kemiskinan Ekstrem (2025)
3511036207658566,Wiwik Riyanto,Kab. Bondowoso,Wonosari,Taman,BST (Bantuan Sosial Tunai)
3514021305754916,Andi Budiman,Kab. Pasuruan,Beji,Gununggangsir,PBI-JKN (Penerima Bantuan Iuran JKN)
3515014302968289,Susilowati Handoko,Kab. Sidoarjo,Sidoarjo,Sidoarjo,BST (Bantuan Sosial Tunai)
3510030605834957,Miftah Nurrohman,Kab. Banyuwangi,Glagah,Glagah,Kemiskinan Ekstrem (2025)
3578066205954334,Yuli Setiawan,Kota Surabaya,Pabean Cantian,Krembangan Utara,PKH (Program Keluarga Harapan)
3509025112734326,Wahyuni Darmawan,Kab. Jember,Patrang,Gebang,Kemiskinan Ekstrem (2025)
3518024205872144,Siti Prayogo,Kab. Nganjuk,Kertosono,Kertosono,PKH Plus Lansia
3514024109872443,Nani Susanto,Kab. Pasuruan,Beji,Gununggangsir,Kemiskinan Ekstrem (2025)
3507030203870654,Dedi Andriyanto,Kab. Malang,Turen,Kedok,BST (Bantuan Sosial Tunai)
3511032809822533,Imam Wahyudi,Kab. Bondowoso,Wonosari,Wonosari,BPNT (Bantuan Pangan Non Tunai)
3510026607814066,Riyanti Junaedi,Kab. Banyuwangi,Giri,Penataban,BST (Bantuan Sosial Tunai)
3510010704905001,Nanang Surya,Kab. Banyuwangi,Banyuwangi,Pakis,ASPDB (Disabilitas Berat)
3578025107724574,Kusumawati Susanto,Kota Surabaya,Tegalsari,Tegalsari,BST (Bantuan Sosial Tunai)
3525030106942926,Joko Saputra,Kab. Gresik,Menganti,Kepatihan,Kemiskinan Ekstrem (2025)
3514012612829933,Rudi Fauzan,Kab. Pasuruan,Bangil,Bangil,Kemiskinan Ekstrem (2025)
3509045412628822,Siti Mulyadi,Kab. Jember,Ambulu,Sabrang,PKH Plus Lansia
3573025110814921,Riyanti Wijaya,Kota Malang,Sukun,Bandungrejosari,Kemiskinan Ekstrem (2025)
3514044509786212,Lestari Erlangga,Kab. Pasuruan,Gempol,Legok,PKH Plus Lansia
3573022709854701,Ahmad Kurniawan,Kota Malang,Sukun,Bakalan Krajan,BPNT (Bantuan Pangan Non Tunai)
3517031508897753,Yusuf Laksono,Kab. Jombang,Ploso,Gedongombo,ASPDB (Disabilitas Berat)
3578062209785492,Danu Wahyudi,Kota Surabaya,Pabean Cantian,Bongkaran,PKH (Program Keluarga Harapan)
3578024103727785,Dewi Utomo,Kota Surabaya,Tegalsari,Wonorejo,Kemiskinan Ekstrem (2025)
3578014710008100,Suprapti Bakhtiar,Kota Surabaya,Genteng,Embong Kaliasin,PBI-JKN (Penerima Bantuan Iuran JKN)
3511010807668487,Sutrisno Erfandi,Kab. Bondowoso,Bondowoso,Badean,PBI-JKN (Penerima Bantuan Iuran JKN)
3507025711895199,Titik Triyono,Kab. Malang,Gondanglegi,Putat Kidul,ASPDB (Disabilitas Berat)
3518031509877778,Bambang Junaedi,Kab. Nganjuk,Pace,Gondang,PBI-JKN (Penerima Bantuan Iuran JKN)
3514026108937207,Mulyati Firmansyah,Kab. Pasuruan,Beji,Gununggangsir,PKH (Program Keluarga Harapan)
3573034309803789,Aminah Pratama,Kota Malang,Klojen,Klojen,PBI-JKN (Penerima Bantuan Iuran JKN)
3573025107866813,Susilowati Ilham,Kota Malang,Sukun,Bakalan Krajan,PKH (Program Keluarga Harapan)
3511020112977815,Suryo Bakhtiar,Kab. Bondowoso,Tenggarang,Kajar,PKH (Program Keluarga Harapan)
3515032409863614,Widodo Triyono,Kab. Sidoarjo,Candi,Sugihwaras,PBI-JKN (Penerima Bantuan Iuran JKN)
3511026206842705,Sulastri Dwiyanto,Kab. Bondowoso,Tenggarang,Kajar,ASPDB (Disabilitas Berat)
3518015910851376,Riyanti Raharjo,Kab. Nganjuk,Nganjuk,Payaman,PKH Plus Lansia
3517015107765356,Wahyuni Ilham,Kab. Jombang,Jombang,Kepanjen,BST (Bantuan Sosial Tunai)
3578042705860318,Agus Jatmiko,Kota Surabaya,Gubeng,Kertajaya,PKH Plus Lansia
3522014211643267,Sri Utomo,Kab. Bojonegoro,Bojonegoro,Kadipaten,ASPDB (Disabilitas Berat)
3507024710674199,Lilik Erfandi,Kab. Malang,Gondanglegi,Putat Kidul,ASPDB (Disabilitas Berat)
3515021003670421,Hendra Septian,Kab. Sidoarjo,Buduran,Sidokepung,BST (Bantuan Sosial Tunai)
3524035902723979,Suprapti Yulianto,Kab. Lamongan,Brondong,Lembor,PKH (Program Keluarga Harapan)
3573032610678729,Slamet Surya,Kota Malang,Klojen,Gadingkasri,PBI-JKN (Penerima Bantuan Iuran JKN)
3525026801811730,Indah Kuncoro,Kab. Gresik,Driyorejo,Driyorejo,PBI-JKN (Penerima Bantuan Iuran JKN)
3515045712718818,Suwarni Firmansyah,Kab. Sidoarjo,Porong,Glagaharum,ASPDB (Disabilitas Berat)
3518021105974570,Rohmat Hartono,Kab. Nganjuk,Kertosono,Banaran,PBI-JKN (Penerima Bantuan Iuran JKN)
3511020106842980,Ridwan Maulana,Kab. Bondowoso,Tenggarang,Gebang,PBI-JKN (Penerima Bantuan Iuran JKN)
3511024912988465,Titik Santoso,Kab. Bondowoso,Tenggarang,Kajar,BPNT (Bantuan Pangan Non Tunai)
3509026304958042,Maryam Ariyanto,Kab. Jember,Patrang,Bintoro,PBI-JKN (Penerima Bantuan Iuran JKN)
3578014812859529,Binti Budiman,Kota Surabaya,Genteng,Genteng,BST (Bantuan Sosial Tunai)
3518035206954439,Suprapti Ilham,Kab. Nganjuk,Pace,Gondang,BST (Bantuan Sosial Tunai)
3514022402803034,Widodo Erfandi,Kab. Pasuruan,Beji,Beji,BPNT (Bantuan Pangan Non Tunai)
3511036009973181,Ani Kusuma,Kab. Bondowoso,Wonosari,Juglangan,BST (Bantuan Sosial Tunai)
3511024903949067,Dewi Wibowo,Kab. Bondowoso,Tenggarang,Tenggarang,BST (Bantuan Sosial Tunai)
3573022802914659,Ahmad Riyanto,Kota Malang,Sukun,Bakalan Krajan,PBI-JKN (Penerima Bantuan Iuran JKN)
3518026805631071,Maryam Wijaya,Kab. Nganjuk,Kertosono,Banaran,PBI-JKN (Penerima Bantuan Iuran JKN)
3518010503631396,Suryo Kurniawan,Kab. Nganjuk,Nganjuk,Payaman,BPNT (Bantuan Pangan Non Tunai)
3509042504997382,Taufik Bakhtiar,Kab. Jember,Ambulu,Sabrang,PBI-JKN (Penerima Bantuan Iuran JKN)
3514042410633458,Hendra Handoko,Kab. Pasuruan,Gempol,Legok,BST (Bantuan Sosial Tunai)
3525014602957382,Siti Erlangga,Kab. Gresik,Gresik,Gresik,PKH Plus Lansia
3524025012781167,Suprapti Ilham,Kab. Lamongan,Babat,Kebalankulon,PKH Plus Lansia
3511020407722442,Widodo Basuki,Kab. Bondowoso,Tenggarang,Gebang,BST (Bantuan Sosial Tunai)
3510016410797196,Ummi Hidayat,Kab. Banyuwangi,Banyuwangi,Tukangkayu,PKH (Program Keluarga Harapan)
3518031809771318,Ridwan Hafid,Kab. Nganjuk,Pace,Sambirejo,Kemiskinan Ekstrem (2025)
3507044301769425,Rahayu Darmawan,Kab. Malang,Dampit,Bumirejo,Kemiskinan Ekstrem (2025)
3507035708714558,Suwarni Hafid,Kab. Malang,Turen,Kedok,BPNT (Bantuan Pangan Non Tunai)
3524021208655261,Imam Prayogo,Kab. Lamongan,Babat,Tritunggal,PKH Plus Lansia
3509026205910602,Heni Pambudi,Kab. Jember,Patrang,Gebang,PBI-JKN (Penerima Bantuan Iuran JKN)
3509036709858890,Siti Budiman,Kab. Jember,Sumbersari,Kebonsari,PBI-JKN (Penerima Bantuan Iuran JKN)
3517016108993336,Khasanah Wibowo,Kab. Jombang,Jombang,Jombang,BST (Bantuan Sosial Tunai)
3522014102913921,Anik Triyono,Kab. Bojonegoro,Bojonegoro,Kadipaten,PKH Plus Lansia
3510034802861925,Nani Ilham,Kab. Banyuwangi,Glagah,Olehsari,PKH Plus Lansia
3510046707773994,Maryam Jatmiko,Kab. Banyuwangi,Muncar,Sumberberas,PBI-JKN (Penerima Bantuan Iuran JKN)
3522016409984527,Aminah Susanto,Kab. Bojonegoro,Bojonegoro,Kadipaten,ASPDB (Disabilitas Berat)
3578042705924892,Ahmad Hidayat,Kota Surabaya,Gubeng,Kertajaya,ASPDB (Disabilitas Berat)
3524035808695447,Maryam Surya,Kab. Lamongan,Brondong,Sidomukti,Kemiskinan Ekstrem (2025)
3578056304806275,Mulyati Riyanto,Kota Surabaya,Semampir,Wonokusumo,BPNT (Bantuan Pangan Non Tunai)
3578046612902493,Gita Bakhtiar,Kota Surabaya,Gubeng,Gubeng,PBI-JKN (Penerima Bantuan Iuran JKN)
3507022802818618,Miftah Kusuma,Kab. Malang,Gondanglegi,Sukorejo,PBI-JKN (Penerima Bantuan Iuran JKN)
3507021602696513,Mulyono Prayogo,Kab. Malang,Gondanglegi,Gondanglegi Wetan,PKH Plus Lansia
3509032106840589,Ridwan Nurrohman,Kab. Jember,Sumbersari,Wirolegi,Kemiskinan Ekstrem (2025)
3509022404781613,Agus Fauzan,Kab. Jember,Patrang,Bintoro,ASPDB (Disabilitas Berat)
3525034201794807,Citra Wibowo,Kab. Gresik,Menganti,Menganti,BST (Bantuan Sosial Tunai)
3515046210862869,Fatimah Cahyono,Kab. Sidoarjo,Porong,Porong,PKH (Program Keluarga Harapan)
3524020510914162,Zainal Ilham,Kab. Lamongan,Babat,Tritunggal,PBI-JKN (Penerima Bantuan Iuran JKN)
3514010303949627,Miftah Surya,Kab. Pasuruan,Bangil,Pogar,BST (Bantuan Sosial Tunai)
3525025304793887,Maryam Kusuma,Kab. Gresik,Driyorejo,Sumput,PBI-JKN (Penerima Bantuan Iuran JKN)
3524026701784498,Riyanti Dwiyanto,Kab. Lamongan,Babat,Tritunggal,PKH (Program Keluarga Harapan)
3524031612989947,Teguh Basuki,Kab. Lamongan,Brondong,Sidomukti,ASPDB (Disabilitas Berat)
3515026511762241,Riyanti Darmawan,Kab. Sidoarjo,Buduran,Sidokepung,PKH Plus Lansia
3509011210624836,Andi Hartono,Kab. Jember,Kaliwates,Kaliwates,BST (Bantuan Sosial Tunai)
3573045706942696,Puji Firmansyah,Kota Malang,Blimbing,Blimbing,BST (Bantuan Sosial Tunai)
3518020308676512,Sugeng Basuki,Kab. Nganjuk,Kertosono,Kutorejo,ASPDB (Disabilitas Berat)
3578054901857452,Susilowati Wijaya,Kota Surabaya,Semampir,Wonokusumo,BST (Bantuan Sosial Tunai)
3525035211843831,Yuli Darmawan,Kab. Gresik,Menganti,Boboh,PBI-JKN (Penerima Bantuan Iuran JKN)
3507036711644952,Lilik Erfandi,Kab. Malang,Turen,Kedok,PKH Plus Lansia
3517015605623847,Nani Kusuma,Kab. Jombang,Jombang,Jombang,Kemiskinan Ekstrem (2025)
3510045907941623,Sari Erlangga,Kab. Banyuwangi,Muncar,Kedungrejo,ASPDB (Disabilitas Berat)
3518032301777265,Arif Handoko,Kab. Nganjuk,Pace,Sambirejo,PBI-JKN (Penerima Bantuan Iuran JKN)
3511022109836524,Khoirul Wibowo,Kab. Bondowoso,Tenggarang,Tenggarang,BST (Bantuan Sosial Tunai)
3511016111730829,Yayuk Raharjo,Kab. Bondowoso,Bondowoso,Kademangan,ASPDB (Disabilitas Berat)
3515022702739608,Yanto Handoko,Kab. Sidoarjo,Buduran,Buduran,BPNT (Bantuan Pangan Non Tunai)
3511020901988851,Sugeng Setiawan,Kab. Bondowoso,Tenggarang,Tenggarang,BST (Bantuan Sosial Tunai)
3578020103619648,Khoirul Utomo,Kota Surabaya,Tegalsari,Tegalsari,BST (Bantuan Sosial Tunai)
3507024409867345,Sumiati Jatmiko,Kab. Malang,Gondanglegi,Gondanglegi Wetan,ASPDB (Disabilitas Berat)
3515016401994942,Riyanti Mulyadi,Kab. Sidoarjo,Sidoarjo,Lemahputro,PBI-JKN (Penerima Bantuan Iuran JKN)
3525012207857268,Hendra Kuncoro,Kab. Gresik,Gresik,Gresik,PKH (Program Keluarga Harapan)
3509036005688985,Anik Septian,Kab. Jember,Sumbersari,Wirolegi,PKH Plus Lansia
3515046009891875,Juleha Kusuma,Kab. Sidoarjo,Porong,Glagaharum,ASPDB (Disabilitas Berat)
3525031507735554,Zainal Erlangga,Kab. Gresik,Menganti,Boboh,ASPDB (Disabilitas Berat)
3518021107802501,Mulyono Andriyanto,Kab. Nganjuk,Kertosono,Banaran,PKH Plus Lansia
3518010407659116,Arif Setiawan,Kab. Nganjuk,Nganjuk,Nganjuk,PKH (Program Keluarga Harapan)
3524035207670843,Riyanti Fauzan,Kab. Lamongan,Brondong,Sidomukti,BST (Bantuan Sosial Tunai)
3524024504923675,Riyanti Jatmiko,Kab. Lamongan,Babat,Kebalankulon,ASPDB (Disabilitas Berat)
3509034810779122,Juleha Pambudi,Kab. Jember,Sumbersari,Wirolegi,PKH (Program Keluarga Harapan)
3524036305715752,Binti Prayogo,Kab. Lamongan,Brondong,Sidomukti,PKH (Program Keluarga Harapan)
3510022403641504,Danu Raharjo,Kab. Banyuwangi,Giri,Boyolangu,PKH Plus Lansia
3522015203815315,Binti Irawan,Kab. Bojonegoro,Bojonegoro,Kadipaten,ASPDB (Disabilitas Berat)
3524032503691337,Candra Wibowo,Kab. Lamongan,Brondong,Brondong,BST (Bantuan Sosial Tunai)
3518034907881865,Wahyuni Laksono,Kab. Nganjuk,Pace,Sambirejo,BST (Bantuan Sosial Tunai)
3517011708973613,Dedi Pranoto,Kab. Jombang,Jombang,Kepanjen,PBI-JKN (Penerima Bantuan Iuran JKN)
3524016503735376,Istiqomah Hidayat,Kab. Lamongan,Lamongan,Lamongan,PKH (Program Keluarga Harapan)
3507045807689155,Rahayu Laksono,Kab. Malang,Dampit,Bumirejo,ASPDB (Disabilitas Berat)
3525024107625130,Lilik Susanto,Kab. Gresik,Driyorejo,Driyorejo,Kemiskinan Ekstrem (2025)
3517030405865322,Haris Raharjo,Kab. Jombang,Ploso,Plandaan,BPNT (Bantuan Pangan Non Tunai)
3578051402837139,Hendra Utomo,Kota Surabaya,Semampir,Wonokusumo,Kemiskinan Ekstrem (2025)
3517035112792755,Rahayu Prayogo,Kab. Jombang,Ploso,Ploso,PKH (Program Keluarga Harapan)
3522035206723872,Suwarni Pratama,Kab. Bojonegoro,Balen,Balen,PKH (Program Keluarga Harapan)
3510034311698096,Fatimah Yulianto,Kab. Banyuwangi,Glagah,Glagah,PBI-JKN (Penerima Bantuan Iuran JKN)
3578056111965180,Zulaikha Maulana,Kota Surabaya,Semampir,Sidotopo,BPNT (Bantuan Pangan Non Tunai)
3518015905798313,Rina Surya,Kab. Nganjuk,Nganjuk,Mangundikaran,PKH (Program Keluarga Harapan)
3514044305839734,Suwarni Hartono,Kab. Pasuruan,Gempol,Legok,Kemiskinan Ekstrem (2025)
3517022608623085,Suryo Ariyanto,Kab. Jombang,Perak,Tengaran,BST (Bantuan Sosial Tunai)
3524024408631382,Dini Haryanto,Kab. Lamongan,Babat,Tritunggal,Kemiskinan Ekstrem (2025)
3525015708882601,Rini Wahyudi,Kab. Gresik,Gresik,Gresik,BST (Bantuan Sosial Tunai)
3515036011815483,Rina Yulianto,Kab. Sidoarjo,Candi,Sugihwaras,PKH (Program Keluarga Harapan)
3515012405785462,Bagus Pratama,Kab. Sidoarjo,Sidoarjo,Sekardangan,PKH (Program Keluarga Harapan)
3524032311799750,Haris Setiawan,Kab. Lamongan,Brondong,Brondong,PKH Plus Lansia
3509036203818625,Suprapti Junaedi,Kab. Jember,Sumbersari,Wirolegi,PKH (Program Keluarga Harapan)
3525035006615599,Fatimah Handoko,Kab. Gresik,Menganti,Kepatihan,ASPDB (Disabilitas Berat)
3518011002698844,Hendra Laksono,Kab. Nganjuk,Nganjuk,Nganjuk,ASPDB (Disabilitas Berat)
3573052003992659,Fandi Pratama,Kota Malang,Lowokwaru,Lowokwaru,BPNT (Bantuan Pangan Non Tunai)
3573051207624669,Rohmat Hafid,Kota Malang,Lowokwaru,Lowokwaru,ASPDB (Disabilitas Berat)
3573046708799346,Lestari Andriyanto,Kota Malang,Blimbing,Blimbing,PBI-JKN (Penerima Bantuan Iuran JKN)
3518026703862268,Lestari Triyono,Kab. Nganjuk,Kertosono,Banaran,ASPDB (Disabilitas Berat)
3514014409834671,Rini Wijaya,Kab. Pasuruan,Bangil,Kolursari,PKH (Program Keluarga Harapan)
3578026703923638,Juleha Hartono,Kota Surabaya,Tegalsari,Dr. Sutomo,ASPDB (Disabilitas Berat)
3518025209851338,Mulyati Bakhtiar,Kab. Nganjuk,Kertosono,Kertosono,BST (Bantuan Sosial Tunai)
3511010503817741,Slamet Hidayat,Kab. Bondowoso,Bondowoso,Kademangan,PKH Plus Lansia
3510040901658992,Yusuf Pratama,Kab. Banyuwangi,Muncar,Kedungrejo,PKH Plus Lansia
3524035004783907,Nani Wibowo,Kab. Lamongan,Brondong,Lembor,PBI-JKN (Penerima Bantuan Iuran JKN)
3525035810918444,Sri Yulianto,Kab. Gresik,Menganti,Kepatihan,Kemiskinan Ekstrem (2025)
3511035210606826,Mulyati Riyanto,Kab. Bondowoso,Wonosari,Wonosari,BPNT (Bantuan Pangan Non Tunai)
3525035702838317,Susilowati Laksono,Kab. Gresik,Menganti,Menganti,Kemiskinan Ekstrem (2025)
3507044906841107,Sri Surya,Kab. Malang,Dampit,Srimulyo,BST (Bantuan Sosial Tunai)
3511032512970727,Iwan Setiawan,Kab. Bondowoso,Wonosari,Taman,BST (Bantuan Sosial Tunai)
3522025612892210,Anik Nugroho,Kab. Bojonegoro,Kapas,Banjarsari,PKH (Program Keluarga Harapan)
3573044204628445,Citra Kurniawan,Kota Malang,Blimbing,Blimbing,PBI-JKN (Penerima Bantuan Iuran JKN)
3522025205725439,Rina Ariyanto,Kab. Bojonegoro,Kapas,Kedaton,BST (Bantuan Sosial Tunai)
3509031107888152,Sutrisno Kuncoro,Kab. Jember,Sumbersari,Kebonsari,BST (Bantuan Sosial Tunai)
3578051402878938,Bagus Nugroho,Kota Surabaya,Semampir,Wonokusumo,BST (Bantuan Sosial Tunai)
3515015505786982,Yayuk Haryanto,Kab. Sidoarjo,Sidoarjo,Sidoarjo,BPNT (Bantuan Pangan Non Tunai)
3573045410820940,Kusumawati Yulianto,Kota Malang,Blimbing,Purwantoro,PKH (Program Keluarga Harapan)
3525034501707180,Yayuk Darmawan,Kab. Gresik,Menganti,Kepatihan,PKH (Program Keluarga Harapan)
3510011306839914,Suryo Pranoto,Kab. Banyuwangi,Banyuwangi,Tukangkayu,BPNT (Bantuan Pangan Non Tunai)
3525024510646522,Rini Andriyanto,Kab. Gresik,Driyorejo,Krikilan,BST (Bantuan Sosial Tunai)
3525020612616341,Ridwan Mulyadi,Kab. Gresik,Driyorejo,Driyorejo,Kemiskinan Ekstrem (2025)
3509031010732010,Ridwan Gunawan,Kab. Jember,Sumbersari,Kebonsari,BPNT (Bantuan Pangan Non Tunai)
3509042602885693,Rudi Budiman,Kab. Jember,Ambulu,Ambulu,PKH Plus Lansia
3509032603003674,Arif Laksono,Kab. Jember,Sumbersari,Kebonsari,PKH (Program Keluarga Harapan)
3511011806617658,Suryo Andriyanto,Kab. Bondowoso,Bondowoso,Blindungan,ASPDB (Disabilitas Berat)
3522011305646731,Prasetyo Mulyadi,Kab. Bojonegoro,Bojonegoro,Sumbang,ASPDB (Disabilitas Berat)
3517034311808477,Khasanah Ilham,Kab. Jombang,Ploso,Ploso,BST (Bantuan Sosial Tunai)
3510025702632698,Sari Kurniawan,Kab. Banyuwangi,Giri,Giri,BPNT (Bantuan Pangan Non Tunai)
3515022805933217,Agus Saputra,Kab. Sidoarjo,Buduran,Pagerwojo,PKH Plus Lansia
3522020309992763,Sigit Ariyanto,Kab. Bojonegoro,Kapas,Kapas,Kemiskinan Ekstrem (2025)
3524012706980465,Suryo Pranoto,Kab. Lamongan,Lamongan,Lamongan,PKH (Program Keluarga Harapan)
3507036007968160,Anik Raharjo,Kab. Malang,Turen,Kedok,PKH Plus Lansia
3522022604907431,Haris Kurniawan,Kab. Bojonegoro,Kapas,Banjarsari,PKH (Program Keluarga Harapan)
3573014708902354,Dini Triyono,Kota Malang,Kedungkandang,Madyopuro,BST (Bantuan Sosial Tunai)
3573030507829203,Arif Laksono,Kota Malang,Klojen,Gadingkasri,PKH (Program Keluarga Harapan)
3515024504884755,Yuli Wibowo,Kab. Sidoarjo,Buduran,Pagerwojo,PBI-JKN (Penerima Bantuan Iuran JKN)
3524021906702611,Rudi Gunawan,Kab. Lamongan,Babat,Babat,PBI-JKN (Penerima Bantuan Iuran JKN)
3522020301917492,Haris Laksono,Kab. Bojonegoro,Kapas,Kedaton,BPNT (Bantuan Pangan Non Tunai)
3511036008787711,Suwarni Darmawan,Kab. Bondowoso,Wonosari,Juglangan,BST (Bantuan Sosial Tunai)
3522015212760742,Heni Andriyanto,Kab. Bojonegoro,Bojonegoro,Klangon,PBI-JKN (Penerima Bantuan Iuran JKN)
3507021707644583,Miftah Pambudi,Kab. Malang,Gondanglegi,Gondanglegi Wetan,ASPDB (Disabilitas Berat)
3524035207665991,Dini Pambudi,Kab. Lamongan,Brondong,Sidomukti,ASPDB (Disabilitas Berat)
3510024201925457,Dewi Setiawan,Kab. Banyuwangi,Giri,Boyolangu,ASPDB (Disabilitas Berat)
3518035103922663,Zulaikha Maulana,Kab. Nganjuk,Pace,Sambirejo,PBI-JKN (Penerima Bantuan Iuran JKN)
3524031809929223,Ridwan Haryanto,Kab. Lamongan,Brondong,Lembor,BST (Bantuan Sosial Tunai)
3518015907670437,Binti Irawan,Kab. Nganjuk,Nganjuk,Mangundikaran,Kemiskinan Ekstrem (2025)
3518020810977872,Wahyu Septian,Kab. Nganjuk,Kertosono,Kutorejo,BPNT (Bantuan Pangan Non Tunai)
3522032703849381,Rohmat Pranoto,Kab. Bojonegoro,Balen,Sobontoro,PKH Plus Lansia
3509025403866724,Suprapti Handoko,Kab. Jember,Patrang,Patrang,Kemiskinan Ekstrem (2025)
3578050512639190,Taufik Handoko,Kota Surabaya,Semampir,Wonokusumo,BST (Bantuan Sosial Tunai)
3525025808715805,Dini Nurrohman,Kab. Gresik,Driyorejo,Sumput,PKH Plus Lansia
3578061610764572,Wawan Utomo,Kota Surabaya,Pabean Cantian,Krembangan Utara,Kemiskinan Ekstrem (2025)
3514022312737862,Ridwan Maulana,Kab. Pasuruan,Beji,Kedungringin,BST (Bantuan Sosial Tunai)
3522035811965655,Gita Dwiyanto,Kab. Bojonegoro,Balen,Sidomulyo,ASPDB (Disabilitas Berat)
3578025506657850,Suwarni Saputra,Kota Surabaya,Tegalsari,Dr. Sutomo,BPNT (Bantuan Pangan Non Tunai)
3511030403779615,Candra Junaedi,Kab. Bondowoso,Wonosari,Juglangan,BPNT (Bantuan Pangan Non Tunai)
3511010811746772,Wahyu Kusuma,Kab. Bondowoso,Bondowoso,Badean,BST (Bantuan Sosial Tunai)
3573041801687794,Bambang Erlangga,Kota Malang,Blimbing,Blimbing,PBI-JKN (Penerima Bantuan Iuran JKN)
3525016102638768,Ummi Basuki,Kab. Gresik,Gresik,Kebomas,PKH Plus Lansia
3573016701713053,Heni Kuncoro,Kota Malang,Kedungkandang,Madyopuro,PKH Plus Lansia
3514015102988902,Ani Ilham,Kab. Pasuruan,Bangil,Bangil,Kemiskinan Ekstrem (2025)
3518015102727519,Nurul Irawan,Kab. Nganjuk,Nganjuk,Payaman,PKH Plus Lansia
3514022210786644,Wawan Nugroho,Kab. Pasuruan,Beji,Beji,ASPDB (Disabilitas Berat)
3517034503664065,Maryam Maulana,Kab. Jombang,Ploso,Plandaan,PKH (Program Keluarga Harapan)
3514045006779387,Wiwik Irawan,Kab. Pasuruan,Gempol,Gempol,PKH (Program Keluarga Harapan)
3514035008678234,Nurul Dwiyanto,Kab. Pasuruan,Pandaan,Sumbergedang,PKH Plus Lansia
3578036006782189,Rahayu Basuki,Kota Surabaya,Tambaksari,Pacarkeling,PBI-JKN (Penerima Bantuan Iuran JKN)
3510042307838807,Yanto Jatmiko,Kab. Banyuwangi,Muncar,Sumberberas,ASPDB (Disabilitas Berat)
3525011702985928,Miftah Mulyadi,Kab. Gresik,Gresik,Gresik,PKH (Program Keluarga Harapan)
3524011904922696,Widodo Pratama,Kab. Lamongan,Lamongan,Lamongan,BST (Bantuan Sosial Tunai)
3522020308970912,Sigit Hafid,Kab. Bojonegoro,Kapas,Kapas,PBI-JKN (Penerima Bantuan Iuran JKN)
3510042208950357,Dedi Irawan,Kab. Banyuwangi,Muncar,Kedungrejo,PBI-JKN (Penerima Bantuan Iuran JKN)
3514015401641045,Eni Erfandi,Kab. Pasuruan,Bangil,Kolursari,Kemiskinan Ekstrem (2025)
3507016503866888,Aminah Ariyanto,Kab. Malang,Kepanjen,Panggungrejo,BST (Bantuan Sosial Tunai)
3517026103942925,Eni Wijaya,Kab. Jombang,Perak,Tejo,Kemiskinan Ekstrem (2025)
3517032501747586,Budi Kurniawan,Kab. Jombang,Ploso,Ploso,PKH Plus Lansia
3573055504744517,Eni Pratama,Kota Malang,Lowokwaru,Tlogomas,BPNT (Bantuan Pangan Non Tunai)
3573012510863377,Budi Utomo,Kota Malang,Kedungkandang,Madyopuro,PKH (Program Keluarga Harapan)
3509012404637192,Slamet Dwiyanto,Kab. Jember,Kaliwates,Kaliwates,BPNT (Bantuan Pangan Non Tunai)
3522016704789462,Ummi Maulana,Kab. Bojonegoro,Bojonegoro,Klangon,Kemiskinan Ekstrem (2025)
3578065711694924,Rahayu Erlangga,Kota Surabaya,Pabean Cantian,Perak Barat,BST (Bantuan Sosial Tunai)
3507020208956245,Khoirul Ariyanto,Kab. Malang,Gondanglegi,Sukorejo,ASPDB (Disabilitas Berat)
3522025305697759,Fatimah Nurrohman,Kab. Bojonegoro,Kapas,Banjarsari,BPNT (Bantuan Pangan Non Tunai)
3511025801899131,Indah Erlangga,Kab. Bondowoso,Tenggarang,Gebang,Kemiskinan Ekstrem (2025)
3510044311811515,Khasanah Andriyanto,Kab. Banyuwangi,Muncar,Muncar,Kemiskinan Ekstrem (2025)
3573024210989627,Sumiati Gunawan,Kota Malang,Sukun,Sukun,PKH Plus Lansia
3525034105811923,Wahyuni Gunawan,Kab. Gresik,Menganti,Menganti,PKH Plus Lansia
3578040807734638,Yanto Maulana,Kota Surabaya,Gubeng,Gubeng,PBI-JKN (Penerima Bantuan Iuran JKN)
3518035706761616,Nining Ilham,Kab. Nganjuk,Pace,Gondang,ASPDB (Disabilitas Berat)
3573041406833626,Slamet Riyanto,Kota Malang,Blimbing,Purwantoro,PKH Plus Lansia
3510012410972498,Imam Hidayat,Kab. Banyuwangi,Banyuwangi,Pakis,BPNT (Bantuan Pangan Non Tunai)
3515021808758006,Iwan Saputra,Kab. Sidoarjo,Buduran,Pagerwojo,PKH Plus Lansia
3525034503823016,Susilowati Kuncoro,Kab. Gresik,Menganti,Kepatihan,Kemiskinan Ekstrem (2025)
3525014211642253,Siti Erlangga,Kab. Gresik,Gresik,Sidorukun,ASPDB (Disabilitas Berat)
3525011704600991,Nanang Andriyanto,Kab. Gresik,Gresik,Gresik,Kemiskinan Ekstrem (2025)
3525030101916740,Widodo Pambudi,Kab. Gresik,Menganti,Boboh,PKH (Program Keluarga Harapan)
3507032709611754,Lutfi Nugroho,Kab. Malang,Turen,Kedok,PKH (Program Keluarga Harapan)
3522016705936503,Eni Firmansyah,Kab. Bojonegoro,Bojonegoro,Klangon,PKH (Program Keluarga Harapan)
3515042205740520,Agus Ariyanto,Kab. Sidoarjo,Porong,Jatirejo,PKH (Program Keluarga Harapan)
3517020111638190,Bambang Hartono,Kab. Jombang,Perak,Tejo,ASPDB (Disabilitas Berat)
3517030209669287,Zainal Handoko,Kab. Jombang,Ploso,Plandaan,PBI-JKN (Penerima Bantuan Iuran JKN)
3514011909775153,Slamet Nugroho,Kab. Pasuruan,Bangil,Bangil,PKH (Program Keluarga Harapan)
3511031002853940,Bambang Riyanto,Kab. Bondowoso,Wonosari,Wonosari,Kemiskinan Ekstrem (2025)
3517036412685667,Endang Laksono,Kab. Jombang,Ploso,Gedongombo,PKH (Program Keluarga Harapan)
3509042510816500,Candra Triyono,Kab. Jember,Ambulu,Ambulu,ASPDB (Disabilitas Berat)
3515014808886151,Eni Pambudi,Kab. Sidoarjo,Sidoarjo,Sekardangan,PBI-JKN (Penerima Bantuan Iuran JKN)
3510042304784391,Eko Hartono,Kab. Banyuwangi,Muncar,Muncar,BPNT (Bantuan Pangan Non Tunai)
3517035206840086,Yuli Hartono,Kab. Jombang,Ploso,Gedongombo,BST (Bantuan Sosial Tunai)
3518025403659089,Khasanah Pambudi,Kab. Nganjuk,Kertosono,Banaran,Kemiskinan Ekstrem (2025)
3517016002956312,Yayuk Maulana,Kab. Jombang,Jombang,Jombang,PKH (Program Keluarga Harapan)
3514041904956238,Taufik Cahyono,Kab. Pasuruan,Gempol,Legok,BPNT (Bantuan Pangan Non Tunai)
3510034602696900,Juleha Firmansyah,Kab. Banyuwangi,Glagah,Kemiren,BST (Bantuan Sosial Tunai)
3518016112753204,Nining Triyono,Kab. Nganjuk,Nganjuk,Mangundikaran,PBI-JKN (Penerima Bantuan Iuran JKN)
3509026706855400,Zulaikha Bakhtiar,Kab. Jember,Patrang,Gebang,PBI-JKN (Penerima Bantuan Iuran JKN)
3515041105683291,Bagus Erfandi,Kab. Sidoarjo,Porong,Glagaharum,PBI-JKN (Penerima Bantuan Iuran JKN)
3515022312789436,Danu Kuncoro,Kab. Sidoarjo,Buduran,Pagerwojo,ASPDB (Disabilitas Berat)
3511024406859704,Ummi Gunawan,Kab. Bondowoso,Tenggarang,Kajar,Kemiskinan Ekstrem (2025)
3510016608731134,Ani Erfandi,Kab. Banyuwangi,Banyuwangi,Penganjuran,ASPDB (Disabilitas Berat)
3578044805002526,Istiqomah Budiman,Kota Surabaya,Gubeng,Mojo,PKH Plus Lansia
3517025908988301,Heni Nurrohman,Kab. Jombang,Perak,Perak,ASPDB (Disabilitas Berat)
3573046612831393,Susilowati Triyono,Kota Malang,Blimbing,Kesatrian,PKH (Program Keluarga Harapan)
3578022011706548,Slamet Riyanto,Kota Surabaya,Tegalsari,Wonorejo,ASPDB (Disabilitas Berat)
3515045704769512,Rini Pambudi,Kab. Sidoarjo,Porong,Porong,PKH Plus Lansia
3524015911892470,Suprapti Laksono,Kab. Lamongan,Lamongan,Tlogoanyar,BST (Bantuan Sosial Tunai)
3507046702655111,Sari Surya,Kab. Malang,Dampit,Dampit,BST (Bantuan Sosial Tunai)
3518015502905226,Suprapti Hafid,Kab. Nganjuk,Nganjuk,Payaman,PKH (Program Keluarga Harapan)
3514014411813997,Sulastri Cahyono,Kab. Pasuruan,Bangil,Kolursari,Kemiskinan Ekstrem (2025)
3510022604893023,Haris Yulianto,Kab. Banyuwangi,Giri,Penataban,BPNT (Bantuan Pangan Non Tunai)
3525035504996371,Wiwik Fauzan,Kab. Gresik,Menganti,Kepatihan,PKH (Program Keluarga Harapan)
3573024410645994,Susilowati Nugroho,Kota Malang,Sukun,Sukun,BST (Bantuan Sosial Tunai)
3511026109916368,Citra Triyono,Kab. Bondowoso,Tenggarang,Tenggarang,Kemiskinan Ekstrem (2025)
3517034610894874,Sulastri Haryanto,Kab. Jombang,Ploso,Ploso,Kemiskinan Ekstrem (2025)
3524015004676117,Nani Nugroho,Kab. Lamongan,Lamongan,Sidoharjo,PKH Plus Lansia
3510041407968805,Sutrisno Kuncoro,Kab. Banyuwangi,Muncar,Kedungrejo,PKH Plus Lansia
3525014603780879,Citra Hafid,Kab. Gresik,Gresik,Sidorukun,ASPDB (Disabilitas Berat)
3515015709846704,Suwarni Kuncoro,Kab. Sidoarjo,Sidoarjo,Lemahputro,PKH Plus Lansia
3518020303913614,Suryo Raharjo,Kab. Nganjuk,Kertosono,Kutorejo,BST (Bantuan Sosial Tunai)
3507035908708370,Nining Pambudi,Kab. Malang,Turen,Turen,PKH (Program Keluarga Harapan)
3524012709837232,Slamet Irawan,Kab. Lamongan,Lamongan,Tlogoanyar,Kemiskinan Ekstrem (2025)
3511022805754306,Slamet Hafid,Kab. Bondowoso,Tenggarang,Tenggarang,BST (Bantuan Sosial Tunai)
3509042604755745,Tanto Erfandi,Kab. Jember,Ambulu,Ambulu,ASPDB (Disabilitas Berat)
3573056603990973,Wahyuni Handoko,Kota Malang,Lowokwaru,Tunggulwulung,Kemiskinan Ekstrem (2025)
3515035012804381,Ani Riyanto,Kab. Sidoarjo,Candi,Tenggulunan,ASPDB (Disabilitas Berat)
3522034901862175,Suwarni Setiawan,Kab. Bojonegoro,Balen,Balen,BPNT (Bantuan Pangan Non Tunai)
3510030508854403,Suryo Yulianto,Kab. Banyuwangi,Glagah,Glagah,PKH Plus Lansia
3517025707656047,Kusumawati Erfandi,Kab. Jombang,Perak,Tejo,PBI-JKN (Penerima Bantuan Iuran JKN)
3518025512655870,Anik Budiman,Kab. Nganjuk,Kertosono,Kutorejo,ASPDB (Disabilitas Berat)
3509040908735534,Rudi Hidayat,Kab. Jember,Ambulu,Ambulu,Kemiskinan Ekstrem (2025)
3524012511811632,Wahyu Pranoto,Kab. Lamongan,Lamongan,Sidoharjo,PKH Plus Lansia
3578045508703315,Siti Fauzan,Kota Surabaya,Gubeng,Gubeng,PKH Plus Lansia
3510032102771351,Arif Saputra,Kab. Banyuwangi,Glagah,Glagah,BST (Bantuan Sosial Tunai)
3525036405007033,Suprapti Basuki,Kab. Gresik,Menganti,Menganti,PKH Plus Lansia
3509015903647292,Rahayu Mulyadi,Kab. Jember,Kaliwates,Mangli,PKH (Program Keluarga Harapan)
3507030512873752,Prasetyo Susanto,Kab. Malang,Turen,Turen,PBI-JKN (Penerima Bantuan Iuran JKN)
3509015303792341,Aminah Ariyanto,Kab. Jember,Kaliwates,Mangli,PKH (Program Keluarga Harapan)
3522031208702481,Yusuf Yulianto,Kab. Bojonegoro,Balen,Balen,PBI-JKN (Penerima Bantuan Iuran JKN)
3524030502656292,Joko Septian,Kab. Lamongan,Brondong,Lembor,BST (Bantuan Sosial Tunai)
3517025804659955,Yayuk Triyono,Kab. Jombang,Perak,Perak,BST (Bantuan Sosial Tunai)
3578061704793091,Bagus Laksono,Kota Surabaya,Pabean Cantian,Bongkaran,PKH Plus Lansia
3517025308758186,Nani Utomo,Kab. Jombang,Perak,Tengaran,PKH Plus Lansia
3524011106609313,Andi Bakhtiar,Kab. Lamongan,Lamongan,Sidoharjo,PBI-JKN (Penerima Bantuan Iuran JKN)
3515021901644296,Eko Santoso,Kab. Sidoarjo,Buduran,Pagerwojo,BPNT (Bantuan Pangan Non Tunai)
3507015712006591,Indah Fauzan,Kab. Malang,Kepanjen,Panggungrejo,PKH (Program Keluarga Harapan)
3525031002773330,Agus Laksono,Kab. Gresik,Menganti,Boboh,ASPDB (Disabilitas Berat)
3510032305643910,Lutfi Irawan,Kab. Banyuwangi,Glagah,Kemiren,PKH (Program Keluarga Harapan)
3511014210992878,Binti Budiman,Kab. Bondowoso,Bondowoso,Kademangan,PKH (Program Keluarga Harapan)
3507025706914248,Rini Irawan,Kab. Malang,Gondanglegi,Sukorejo,BPNT (Bantuan Pangan Non Tunai)
3515020412777035,Budi Prayogo,Kab. Sidoarjo,Buduran,Sidokepung,BST (Bantuan Sosial Tunai)
3522010311968369,Ridwan Ilham,Kab. Bojonegoro,Bojonegoro,Kadipaten,BST (Bantuan Sosial Tunai)
3507046505701890,Yuli Riyanto,Kab. Malang,Dampit,Bumirejo,BPNT (Bantuan Pangan Non Tunai)
3573054204606275,Maryam Andriyanto,Kota Malang,Lowokwaru,Lowokwaru,BPNT (Bantuan Pangan Non Tunai)
3510011104865242,Rohmat Erlangga,Kab. Banyuwangi,Banyuwangi,Penganjuran,BST (Bantuan Sosial Tunai)
3509034803636569,Rini Pranoto,Kab. Jember,Sumbersari,Sumbersari,PKH (Program Keluarga Harapan)
3518024108954778,Fitri Gunawan,Kab. Nganjuk,Kertosono,Banaran,Kemiskinan Ekstrem (2025)
3578031906898955,Ridwan Gunawan,Kota Surabaya,Tambaksari,Pacarkeling,ASPDB (Disabilitas Berat)
3578024801860158,Susilowati Surya,Kota Surabaya,Tegalsari,Tegalsari,BST (Bantuan Sosial Tunai)
3507041704668062,Rohmat Erlangga,Kab. Malang,Dampit,Bumirejo,PKH (Program Keluarga Harapan)
3510035409747512,Suprapti Andriyanto,Kab. Banyuwangi,Glagah,Glagah,PKH Plus Lansia
3509015902857127,Ummi Wibowo,Kab. Jember,Kaliwates,Kebon Agung,PKH Plus Lansia
3510026307807418,Citra Maulana,Kab. Banyuwangi,Giri,Penataban,BST (Bantuan Sosial Tunai)
3511014502977366,Yuli Cahyono,Kab. Bondowoso,Bondowoso,Blindungan,PBI-JKN (Penerima Bantuan Iuran JKN)
3515045008731965,Lilik Saputra,Kab. Sidoarjo,Porong,Porong,PKH (Program Keluarga Harapan)
3510032704621495,Rudi Pratama,Kab. Banyuwangi,Glagah,Olehsari,PKH Plus Lansia
3511026705796626,Fatimah Raharjo,Kab. Bondowoso,Tenggarang,Kajar,ASPDB (Disabilitas Berat)
3518030408660196,Andi Wijaya,Kab. Nganjuk,Pace,Gondang,PKH (Program Keluarga Harapan)
3578026206851377,Anik Ariyanto,Kota Surabaya,Tegalsari,Tegalsari,Kemiskinan Ekstrem (2025)
3524026104641507,Khasanah Setiawan,Kab. Lamongan,Babat,Babat,ASPDB (Disabilitas Berat)
3578034601896472,Ummi Fauzan,Kota Surabaya,Tambaksari,Tambaksari,PBI-JKN (Penerima Bantuan Iuran JKN)
3507044604827308,Kusumawati Firmansyah,Kab. Malang,Dampit,Bumirejo,BPNT (Bantuan Pangan Non Tunai)
3507025609864584,Rina Hartono,Kab. Malang,Gondanglegi,Sukorejo,PBI-JKN (Penerima Bantuan Iuran JKN)
3510042104936267,Widodo Raharjo,Kab. Banyuwangi,Muncar,Muncar,ASPDB (Disabilitas Berat)
3573035906916364,Puji Maulana,Kota Malang,Klojen,Samaan,BST (Bantuan Sosial Tunai)
3510010205615857,Prasetyo Mulyadi,Kab. Banyuwangi,Banyuwangi,Pakis,ASPDB (Disabilitas Berat)
3524015805759433,Rina Basuki,Kab. Lamongan,Lamongan,Lamongan,ASPDB (Disabilitas Berat)
3578040803715879,Tanto Maulana,Kota Surabaya,Gubeng,Kertajaya,Kemiskinan Ekstrem (2025)
3507032704965064,Ridwan Nurrohman,Kab. Malang,Turen,Kedok,BPNT (Bantuan Pangan Non Tunai)
3518014104980012,Rini Jatmiko,Kab. Nganjuk,Nganjuk,Nganjuk,BST (Bantuan Sosial Tunai)
3524014206719612,Sri Pratama,Kab. Lamongan,Lamongan,Lamongan,PKH Plus Lansia
3510012306641656,Haris Septian,Kab. Banyuwangi,Banyuwangi,Penganjuran,BST (Bantuan Sosial Tunai)
3514031611879208,Rudi Nugroho,Kab. Pasuruan,Pandaan,Pandaan,PKH Plus Lansia
3524021007712912,Teguh Setiawan,Kab. Lamongan,Babat,Babat,PKH Plus Lansia
3507046606989266,Zulaikha Basuki,Kab. Malang,Dampit,Bumirejo,PKH (Program Keluarga Harapan)
3518011106751454,Bambang Yulianto,Kab. Nganjuk,Nganjuk,Mangundikaran,ASPDB (Disabilitas Berat)
3573036304734206,Sumiati Surya,Kota Malang,Klojen,Samaan,ASPDB (Disabilitas Berat)
3509015403865755,Nining Bakhtiar,Kab. Jember,Kaliwates,Mangli,Kemiskinan Ekstrem (2025)
3517012511967394,Zainal Cahyono,Kab. Jombang,Jombang,Kepanjen,PKH (Program Keluarga Harapan)
3578014302766152,Dini Cahyono,Kota Surabaya,Genteng,Embong Kaliasin,BPNT (Bantuan Pangan Non Tunai)
3573012006650508,Candra Jatmiko,Kota Malang,Kedungkandang,Kotalama,PBI-JKN (Penerima Bantuan Iuran JKN)
3525010401703113,Iwan Handoko,Kab. Gresik,Gresik,Sidorukun,PBI-JKN (Penerima Bantuan Iuran JKN)
3573052205943892,Teguh Kurniawan,Kota Malang,Lowokwaru,Tunggulwulung,PKH (Program Keluarga Harapan)
3507044203917006,Fitri Santoso,Kab. Malang,Dampit,Bumirejo,PKH (Program Keluarga Harapan)
3514046103737759,Ani Hartono,Kab. Pasuruan,Gempol,Gempol,ASPDB (Disabilitas Berat)
3509036102763030,Susilowati Bakhtiar,Kab. Jember,Sumbersari,Kebonsari,BST (Bantuan Sosial Tunai)
3517025508764401,Istiqomah Basuki,Kab. Jombang,Perak,Perak,Kemiskinan Ekstrem (2025)
3507021211659663,Widodo Erlangga,Kab. Malang,Gondanglegi,Sukorejo,BPNT (Bantuan Pangan Non Tunai)
3522012209863861,Prasetyo Riyanto,Kab. Bojonegoro,Bojonegoro,Kadipaten,PBI-JKN (Penerima Bantuan Iuran JKN)
3514011909622416,Taufik Riyanto,Kab. Pasuruan,Bangil,Pogar,PKH (Program Keluarga Harapan)
3578042604700700,Wawan Setiawan,Kota Surabaya,Gubeng,Gubeng,PBI-JKN (Penerima Bantuan Iuran JKN)
3509042703005239,Bagus Saputra,Kab. Jember,Ambulu,Ambulu,PKH Plus Lansia
3578015109857507,Kusumawati Mulyadi,Kota Surabaya,Genteng,Genteng,ASPDB (Disabilitas Berat)
3507045910691731,Wiwik Kusuma,Kab. Malang,Dampit,Dampit,Kemiskinan Ekstrem (2025)
3578010907827956,Fandi Ariyanto,Kota Surabaya,Genteng,Embong Kaliasin,Kemiskinan Ekstrem (2025)
3524026003856582,Yayuk Darmawan,Kab. Lamongan,Babat,Babat,PKH (Program Keluarga Harapan)
3517025205904966,Sri Prayogo,Kab. Jombang,Perak,Tengaran,BST (Bantuan Sosial Tunai)
3514041003744415,Miftah Maulana,Kab. Pasuruan,Gempol,Wonocolo,PKH Plus Lansia
3517036704887938,Indah Junaedi,Kab. Jombang,Ploso,Gedongombo,ASPDB (Disabilitas Berat)
3522025002702223,Puji Dwiyanto,Kab. Bojonegoro,Kapas,Kapas,ASPDB (Disabilitas Berat)
3522034801720829,Dewi Ilham,Kab. Bojonegoro,Balen,Balen,BST (Bantuan Sosial Tunai)
3573025309890501,Anik Wijaya,Kota Malang,Sukun,Bandungrejosari,BPNT (Bantuan Pangan Non Tunai)
3515045810902680,Eni Surya,Kab. Sidoarjo,Porong,Glagaharum,ASPDB (Disabilitas Berat)
3514016803633627,Ummi Handoko,Kab. Pasuruan,Bangil,Pogar,PKH Plus Lansia
3511034109867768,Sulastri Santoso,Kab. Bondowoso,Wonosari,Wonosari,BPNT (Bantuan Pangan Non Tunai)
3525012005744512,Dedi Haryanto,Kab. Gresik,Gresik,Sidorukun,PBI-JKN (Penerima Bantuan Iuran JKN)
3517026205896507,Rini Wahyudi,Kab. Jombang,Perak,Tejo,Kemiskinan Ekstrem (2025)
3509012109834632,Bagus Triyono,Kab. Jember,Kaliwates,Kebon Agung,BST (Bantuan Sosial Tunai)
3525015111774896,Kusumawati Saputra,Kab. Gresik,Gresik,Kebomas,BPNT (Bantuan Pangan Non Tunai)
3510022207982293,Rudi Darmawan,Kab. Banyuwangi,Giri,Giri,PKH Plus Lansia
3507045307869373,Dewi Septian,Kab. Malang,Dampit,Srimulyo,ASPDB (Disabilitas Berat)
3511022611945874,Prasetyo Budiman,Kab. Bondowoso,Tenggarang,Gebang,Kemiskinan Ekstrem (2025)
3514020405714238,Prasetyo Setiawan,Kab. Pasuruan,Beji,Gununggangsir,PKH Plus Lansia
3578050311813660,Zainal Surya,Kota Surabaya,Semampir,Semampir,PKH Plus Lansia
3514045505970880,Nani Jatmiko,Kab. Pasuruan,Gempol,Legok,ASPDB (Disabilitas Berat)
3525030708646254,Sigit Wijaya,Kab. Gresik,Menganti,Boboh,Kemiskinan Ekstrem (2025)
3514040703699330,Iwan Erlangga,Kab. Pasuruan,Gempol,Gempol,PBI-JKN (Penerima Bantuan Iuran JKN)
3510035108655135,Anik Nugroho,Kab. Banyuwangi,Glagah,Olehsari,PKH Plus Lansia
3507016510701443,Nurul Kuncoro,Kab. Malang,Kepanjen,Panggungrejo,BPNT (Bantuan Pangan Non Tunai)
3524025308878746,Siti Pranoto,Kab. Lamongan,Babat,Tritunggal,BPNT (Bantuan Pangan Non Tunai)
3573030104934077,Ahmad Yulianto,Kota Malang,Klojen,Klojen,BPNT (Bantuan Pangan Non Tunai)
3573035909841070,Binti Cahyono,Kota Malang,Klojen,Samaan,ASPDB (Disabilitas Berat)
3507035710932193,Dini Fauzan,Kab. Malang,Turen,Tanggung,BST (Bantuan Sosial Tunai)
3518024801852150,Rahayu Irawan,Kab. Nganjuk,Kertosono,Kertosono,BPNT (Bantuan Pangan Non Tunai)
3573016306676148,Suwarni Pranoto,Kota Malang,Kedungkandang,Kotalama,PKH Plus Lansia
3514012711661898,Budi Wibowo,Kab. Pasuruan,Bangil,Kolursari,PBI-JKN (Penerima Bantuan Iuran JKN)
3518024512900153,Wahyuni Erfandi,Kab. Nganjuk,Kertosono,Kertosono,BST (Bantuan Sosial Tunai)
3517032010771719,Andi Erlangga,Kab. Jombang,Ploso,Ploso,Kemiskinan Ekstrem (2025)
3573054708664309,Yayuk Gunawan,Kota Malang,Lowokwaru,Lowokwaru,ASPDB (Disabilitas Berat)
3522010203783403,Yanto Kuncoro,Kab. Bojonegoro,Bojonegoro,Kadipaten,PKH Plus Lansia
3518026702658096,Ummi Budiman,Kab. Nganjuk,Kertosono,Kertosono,BPNT (Bantuan Pangan Non Tunai)
3509010811764328,Nanang Hidayat,Kab. Jember,Kaliwates,Kebon Agung,PBI-JKN (Penerima Bantuan Iuran JKN)
3507012606781899,Rudi Fauzan,Kab. Malang,Kepanjen,Kepanjen,PKH (Program Keluarga Harapan)
3578011206704396,Miftah Wahyudi,Kota Surabaya,Genteng,Genteng,PKH Plus Lansia
3509035507857836,Kusumawati Bakhtiar,Kab. Jember,Sumbersari,Kebonsari,ASPDB (Disabilitas Berat)
3517034403637909,Indah Septian,Kab. Jombang,Ploso,Ploso,ASPDB (Disabilitas Berat)
3524036006842141,Sri Darmawan,Kab. Lamongan,Brondong,Lembor,PBI-JKN (Penerima Bantuan Iuran JKN)
3518016105648599,Citra Santoso,Kab. Nganjuk,Nganjuk,Mangundikaran,ASPDB (Disabilitas Berat)
3573051709817092,Candra Kusuma,Kota Malang,Lowokwaru,Tunggulwulung,PKH Plus Lansia
3573026703840895,Titik Wahyudi,Kota Malang,Sukun,Bandungrejosari,PKH (Program Keluarga Harapan)
3525010303913947,Ridwan Maulana,Kab. Gresik,Gresik,Sidorukun,BST (Bantuan Sosial Tunai)
3514016707847522,Mulyati Hartono,Kab. Pasuruan,Bangil,Kolursari,PBI-JKN (Penerima Bantuan Iuran JKN)
3578055108910292,Nani Kuncoro,Kota Surabaya,Semampir,Wonokusumo,PKH (Program Keluarga Harapan)
3517022602604991,Bagus Wahyudi,Kab. Jombang,Perak,Perak,Kemiskinan Ekstrem (2025)
3522012706817446,Wahyu Basuki,Kab. Bojonegoro,Bojonegoro,Sumbang,BST (Bantuan Sosial Tunai)
3522035512833634,Nani Kusuma,Kab. Bojonegoro,Balen,Sobontoro,PKH (Program Keluarga Harapan)
3515031709781742,Arif Erfandi,Kab. Sidoarjo,Candi,Tenggulunan,PKH (Program Keluarga Harapan)
3510040902863073,Candra Gunawan,Kab. Banyuwangi,Muncar,Muncar,PKH (Program Keluarga Harapan)
3517011112720762,Hendra Erlangga,Kab. Jombang,Jombang,Kepanjen,PKH Plus Lansia
3525032208882206,Tanto Laksono,Kab. Gresik,Menganti,Menganti,PBI-JKN (Penerima Bantuan Iuran JKN)
3507012509909480,Sutrisno Erfandi,Kab. Malang,Kepanjen,Panggungrejo,BPNT (Bantuan Pangan Non Tunai)
3573025110986860,Puji Bakhtiar,Kota Malang,Sukun,Sukun,Kemiskinan Ekstrem (2025)
3573025505816763,Aminah Setiawan,Kota Malang,Sukun,Bandungrejosari,Kemiskinan Ekstrem (2025)
3573052306953561,Yanto Yulianto,Kota Malang,Lowokwaru,Tlogomas,BPNT (Bantuan Pangan Non Tunai)
3511034511828256,Suwarni Nugroho,Kab. Bondowoso,Wonosari,Taman,Kemiskinan Ekstrem (2025)
3573035609826840,Wiwik Riyanto,Kota Malang,Klojen,Gadingkasri,PKH Plus Lansia
3573051701876241,Hendra Raharjo,Kota Malang,Lowokwaru,Tlogomas,BPNT (Bantuan Pangan Non Tunai)
3507016205701017,Istiqomah Pratama,Kab. Malang,Kepanjen,Kepanjen,PKH Plus Lansia
3578032706629206,Miftah Kusuma,Kota Surabaya,Tambaksari,Tambaksari,ASPDB (Disabilitas Berat)
3511032609750770,Teguh Erfandi,Kab. Bondowoso,Wonosari,Taman,PBI-JKN (Penerima Bantuan Iuran JKN)
3517024101957260,Istiqomah Gunawan,Kab. Jombang,Perak,Tengaran,ASPDB (Disabilitas Berat)
3511031810833171,Bagus Gunawan,Kab. Bondowoso,Wonosari,Taman,BST (Bantuan Sosial Tunai)
3518015712710666,Nani Bakhtiar,Kab. Nganjuk,Nganjuk,Payaman,PBI-JKN (Penerima Bantuan Iuran JKN)
3514035101762537,Lilik Haryanto,Kab. Pasuruan,Pandaan,Pandaan,PKH (Program Keluarga Harapan)
3510036710008038,Riyanti Kurniawan,Kab. Banyuwangi,Glagah,Olehsari,ASPDB (Disabilitas Berat)
3524034809801118,Fatimah Mulyadi,Kab. Lamongan,Brondong,Lembor,ASPDB (Disabilitas Berat)
3522015202855438,Rahayu Handoko,Kab. Bojonegoro,Bojonegoro,Kadipaten,BST (Bantuan Sosial Tunai)
3515031609990145,Yanto Ariyanto,Kab. Sidoarjo,Candi,Candi,PKH (Program Keluarga Harapan)
3525024810995259,Dewi Darmawan,Kab. Gresik,Driyorejo,Krikilan,PBI-JKN (Penerima Bantuan Iuran JKN)
3578015701788336,Fitri Laksono,Kota Surabaya,Genteng,Embong Kaliasin,PBI-JKN (Penerima Bantuan Iuran JKN)
3518011706722743,Agus Kusuma,Kab. Nganjuk,Nganjuk,Mangundikaran,ASPDB (Disabilitas Berat)
3522032111736951,Yusuf Darmawan,Kab. Bojonegoro,Balen,Balen,ASPDB (Disabilitas Berat)
3509022711872520,Eko Junaedi,Kab. Jember,Patrang,Bintoro,PKH (Program Keluarga Harapan)
3518034601641155,Istiqomah Pambudi,Kab. Nganjuk,Pace,Sambirejo,Kemiskinan Ekstrem (2025)
3511025407006382,Citra Raharjo,Kab. Bondowoso,Tenggarang,Kajar,PKH Plus Lansia
3509011912641190,Slamet Erfandi,Kab. Jember,Kaliwates,Kebon Agung,BST (Bantuan Sosial Tunai)
3522010310796250,Teguh Hafid,Kab. Bojonegoro,Bojonegoro,Kadipaten,PBI-JKN (Penerima Bantuan Iuran JKN)
3525016403744833,Heni Nurrohman,Kab. Gresik,Gresik,Kebomas,PKH Plus Lansia
3510031801832020,Yanto Pratama,Kab. Banyuwangi,Glagah,Olehsari,PKH (Program Keluarga Harapan)
3507044705656761,Eni Handoko,Kab. Malang,Dampit,Bumirejo,PKH Plus Lansia
3522014705999295,Nani Nugroho,Kab. Bojonegoro,Bojonegoro,Klangon,ASPDB (Disabilitas Berat)
3507044311783235,Istiqomah Kusuma,Kab. Malang,Dampit,Bumirejo,PKH Plus Lansia
3524025002753171,Zulaikha Susanto,Kab. Lamongan,Babat,Kebalankulon,BST (Bantuan Sosial Tunai)
3518021912799288,Sugeng Riyanto,Kab. Nganjuk,Kertosono,Banaran,BST (Bantuan Sosial Tunai)
3578036604807146,Rahayu Haryanto,Kota Surabaya,Tambaksari,Gading,BST (Bantuan Sosial Tunai)
3515021508907979,Khoirul Kurniawan,Kab. Sidoarjo,Buduran,Sidokepung,Kemiskinan Ekstrem (2025)
3509021803771253,Wawan Saputra,Kab. Jember,Patrang,Bintoro,PKH Plus Lansia
3509011310970601,Tanto Handoko,Kab. Jember,Kaliwates,Kebon Agung,Kemiskinan Ekstrem (2025)
3514040807834768,Tanto Irawan,Kab. Pasuruan,Gempol,Wonocolo,BPNT (Bantuan Pangan Non Tunai)
3518034109832718,Riyanti Utomo,Kab. Nganjuk,Pace,Gondang,ASPDB (Disabilitas Berat)
3522016210967922,Sari Junaedi,Kab. Bojonegoro,Bojonegoro,Kadipaten,BST (Bantuan Sosial Tunai)
3507024806763388,Dewi Budiman,Kab. Malang,Gondanglegi,Gondanglegi Wetan,Kemiskinan Ekstrem (2025)
3578034201891692,Suwarni Maulana,Kota Surabaya,Tambaksari,Gading,PKH Plus Lansia
3522031810766172,Suryo Nugroho,Kab. Bojonegoro,Balen,Sidomulyo,PKH Plus Lansia
3517020909648461,Fandi Basuki,Kab. Jombang,Perak,Tengaran,PBI-JKN (Penerima Bantuan Iuran JKN)
3515031701982714,Andi Hafid,Kab. Sidoarjo,Candi,Sugihwaras,BPNT (Bantuan Pangan Non Tunai)
3509036006703774,Nani Budiman,Kab. Jember,Sumbersari,Sumbersari,PBI-JKN (Penerima Bantuan Iuran JKN)
3578034708906733,Wiwik Cahyono,Kota Surabaya,Tambaksari,Pacarkeling,PKH (Program Keluarga Harapan)
3511012103709377,Sigit Pranoto,Kab. Bondowoso,Bondowoso,Blindungan,BPNT (Bantuan Pangan Non Tunai)
3507022007930306,Suryo Yulianto,Kab. Malang,Gondanglegi,Gondanglegi Wetan,PKH Plus Lansia
